game_num,play_date,game_type,result,game_length,champ_name,spell_d,spell_f,level,creep_score,cs_1m
5554811542,2021-11-08,자유 5:5 랭크,승리,1900-01-01 00:15:16,탐 켄치,점멸,순간이동,11,131,8.6
5554761116,2021-11-08,자유 5:5 랭크,다시하기,1900-01-01 00:15:16,탐 켄치,점멸,순간이동,3,14,4.0
5554653886,2021-11-08,자유 5:5 랭크,패배,1900-01-01 00:15:16,릴리아,점멸,순간이동,14,149,5.2
5554537786,2021-11-08,자유 5:5 랭크,승리,1900-01-01 00:15:16,벡스,점멸,점화,15,153,4.9
5553276248,2021-11-08,자유 5:5 랭크,패배,1900-01-01 00:15:16,라이즈,점멸,순간이동,14,164,6.5
5553246416,2021-11-07,자유 5:5 랭크,승리,1900-01-01 00:15:16,탐 켄치,점멸,순간이동,16,174,5.6
5553154933,2021-11-07,자유 5:5 랭크,승리,1900-01-01 00:15:16,나서스,점멸,순간이동,18,203,4.8
5552968480,2021-11-07,자유 5:5 랭크,승리,1900-01-01 00:15:16,벡스,점멸,점화,15,169,5.9
5553000569,2021-11-07,자유 5:5 랭크,승리,1900-01-01 00:15:16,탐 켄치,점멸,순간이동,12,131,6.3
5551232746,2021-11-07,자유 5:5 랭크,승리,1900-01-01 00:15:16,벡스,점멸,점화,14,150,7.0
5551147177,2021-11-07,자유 5:5 랭크,승리,1900-01-01 00:15:16,베인,점멸,유체화,12,122,6.4
5551062161,2021-11-07,자유 5:5 랭크,패배,1900-01-01 00:15:16,뽀삐,점멸,순간이동,12,123,6.0
5550499049,2021-11-06,자유 5:5 랭크,승리,1900-01-01 00:15:16,탐 켄치,점멸,순간이동,18,281,7.4
5550522923,2021-11-06,자유 5:5 랭크,승리,1900-01-01 00:15:16,퀸,점멸,정화,13,131,6.2
5550443887,2021-11-06,자유 5:5 랭크,패배,1900-01-01 00:15:16,릴리아,점멸,강타,15,148,4.6
5548862706,2021-11-06,자유 5:5 랭크,승리,1900-01-01 00:15:16,릴리아,점멸,순간이동,18,315,7.5
5548736001,2021-11-06,자유 5:5 랭크,승리,1900-01-01 00:15:16,탐 켄치,점멸,순간이동,15,127,4.5
5547560987,2021-11-05,자유 5:5 랭크,승리,1900-01-01 00:15:16,티모,점멸,점화,18,276,6.5
5547419136,2021-11-05,자유 5:5 랭크,승리,1900-01-01 00:15:16,나미,점멸,점화,9,6,0.4
5547464606,2021-11-05,자유 5:5 랭크,승리,1900-01-01 00:15:16,탐 켄치,점멸,순간이동,14,136,6.4
5547097252,2021-11-05,자유 5:5 랭크,승리,1900-01-01 00:15:16,릴리아,점멸,순간이동,18,251,6.3
5547082024,2021-11-05,자유 5:5 랭크,패배,1900-01-01 00:15:16,탐 켄치,점멸,순간이동,17,224,6.4
5545232380,2021-11-04,자유 5:5 랭크,패배,1900-01-01 00:15:16,나서스,점멸,순간이동,13,155,7.7
5544925311,2021-11-04,자유 5:5 랭크,패배,1900-01-01 00:15:16,모데카이저,점멸,순간이동,18,267,6.8
5544941321,2021-11-03,자유 5:5 랭크,다시하기,1900-01-01 00:15:16,탐 켄치,점화,순간이동,3,12,3.6
5544823820,2021-11-03,자유 5:5 랭크,패배,1900-01-01 00:15:16,진,점멸,회복,14,218,6.7
5544746214,2021-11-03,자유 5:5 랭크,패배,1900-01-01 00:15:16,이즈리얼,점멸,회복,14,196,5.9
5543328479,2021-11-02,자유 5:5 랭크,승리,1900-01-01 00:15:16,피오라,점멸,순간이동,15,181,6.1
5543391839,2021-11-02,자유 5:5 랭크,패배,1900-01-01 00:15:16,카밀,점화,순간이동,11,106,5.1
5543255633,2021-11-02,자유 5:5 랭크,승리,1900-01-01 00:15:16,탐 켄치,점멸,순간이동,12,102,6.7
5543157322,2021-11-02,자유 5:5 랭크,승리,1900-01-01 00:15:16,카밀,점화,순간이동,18,206,5.7
5542107850,2021-11-02,자유 5:5 랭크,승리,1900-01-01 00:15:16,티모,점멸,점화,16,237,8.8
5541839756,2021-11-01,자유 5:5 랭크,승리,1900-01-01 00:15:16,벡스,점멸,점화,17,180,4.9
5541880972,2021-11-01,자유 5:5 랭크,패배,1900-01-01 00:15:16,쉔,점멸,순간이동,16,178,5.1
5541733449,2021-11-01,자유 5:5 랭크,패배,1900-01-01 00:15:16,릴리아,점멸,순간이동,16,202,5.6
5541537039,2021-11-01,자유 5:5 랭크,승리,1900-01-01 00:15:16,뽀삐,점멸,강타,16,128,4.3
5540445452,2021-10-31,자유 5:5 랭크,승리,1900-01-01 00:15:16,베인,점멸,회복,13,182,6.0
5540338873,2021-10-31,자유 5:5 랭크,승리,1900-01-01 00:15:16,쉔,점멸,순간이동,14,124,5.1
5540293770,2021-10-31,자유 5:5 랭크,패배,1900-01-01 00:15:16,피오라,점멸,순간이동,14,153,5.6
5539275323,2021-10-31,자유 5:5 랭크,패배,1900-01-01 00:15:16,샤코,점화,강타,9,78,4.6
5539119133,2021-10-31,자유 5:5 랭크,패배,1900-01-01 00:15:16,티모,점멸,점화,15,167,5.6
5539075784,2021-10-31,우르프,패배,1900-01-01 00:15:16,유미,탈진,점화,13,17,1.2
5538496173,2021-10-31,자유 5:5 랭크,패배,1900-01-01 00:15:16,베인,점멸,회복,17,273,7.7
5538428712,2021-10-31,자유 5:5 랭크,승리,1900-01-01 00:15:16,칼리스타,점멸,회복,13,189,7.0
5538354692,2021-10-30,자유 5:5 랭크,패배,1900-01-01 00:15:16,카이사,점멸,회복,14,239,7.1
5538299696,2021-10-30,자유 5:5 랭크,패배,1900-01-01 00:15:16,탐 켄치,점멸,순간이동,11,80,4.2
5538285401,2021-10-30,자유 5:5 랭크,승리,1900-01-01 00:15:16,뽀삐,점멸,순간이동,12,136,6.6
5538219182,2021-10-30,우르프,패배,1900-01-01 00:15:16,벡스,점멸,점화,20,113,5.5
5536684470,2021-10-30,자유 5:5 랭크,패배,1900-01-01 00:15:16,릴리아,점멸,순간이동,18,361,7.1
5536468572,2021-10-30,자유 5:5 랭크,승리,1900-01-01 00:15:16,릴리아,점멸,순간이동,10,100,6.5
5536227716,2021-10-29,우르프,패배,1900-01-01 00:15:16,벡스,점멸,점화,20,170,8.7
5536119308,2021-10-29,자유 5:5 랭크,승리,1900-01-01 00:15:16,피오라,점멸,순간이동,18,213,5.7
5534579131,2021-10-28,자유 5:5 랭크,패배,1900-01-01 00:15:16,가렌,점멸,순간이동,18,322,7.7
5534515077,2021-10-28,자유 5:5 랭크,패배,1900-01-01 00:15:16,탐 켄치,점멸,순간이동,15,152,6.3
5534541021,2021-10-28,우르프,승리,1900-01-01 00:15:16,벡스,점멸,점화,14,94,7.9
5533258255,2021-10-28,자유 5:5 랭크,패배,1900-01-01 00:15:16,릴리아,점멸,순간이동,16,191,5.1
5533121986,2021-10-27,자유 5:5 랭크,승리,1900-01-01 00:15:16,릴리아,점멸,순간이동,17,199,6.0
5532994409,2021-10-27,자유 5:5 랭크,승리,1900-01-01 00:15:16,탐 켄치,점멸,순간이동,14,162,5.6
5532982060,2021-10-27,우르프,패배,1900-01-01 00:15:16,벡스,점멸,점화,13,92,7.2
5531846094,2021-10-27,자유 5:5 랭크,패배,1900-01-01 00:15:16,릴리아,점멸,순간이동,16,228,7.3
5531337898,2021-10-26,자유 5:5 랭크,패배,1900-01-01 00:15:16,탐 켄치,점멸,순간이동,18,274,5.4
5531233473,2021-10-26,솔랭,승리,1900-01-01 00:15:16,말파이트,점멸,순간이동,17,210,6.3
5531196250,2021-10-26,우르프,승리,1900-01-01 00:15:16,벡스,점멸,점화,20,138,7.6
5530024363,2021-10-25,자유 5:5 랭크,패배,1900-01-01 00:15:16,릴리아,점멸,순간이동,12,142,6.7
5529907489,2021-10-25,자유 5:5 랭크,승리,1900-01-01 00:15:16,릴리아,점멸,순간이동,17,198,6.9
5528749076,2021-10-25,자유 5:5 랭크,패배,1900-01-01 00:15:16,릴리아,점멸,순간이동,17,197,5.1
5528794678,2021-10-24,자유 5:5 랭크,승리,1900-01-01 00:15:16,쉔,점멸,순간이동,12,86,4.5
5528790944,2021-10-24,자유 5:5 랭크,승리,1900-01-01 00:15:16,벡스,점멸,점화,12,131,8.1
5528536443,2021-10-24,자유 5:5 랭크,패배,1900-01-01 00:15:16,탐 켄치,점멸,순간이동,16,190,5.7
5528551109,2021-10-24,우르프,패배,1900-01-01 00:15:16,마스터 이,점멸,유체화,23,134,6.2
5526965680,2021-10-24,자유 5:5 랭크,승리,1900-01-01 00:15:16,피오라,점멸,순간이동,16,191,6.7
5526853986,2021-10-24,자유 5:5 랭크,패배,1900-01-01 00:15:16,가렌,점멸,순간이동,12,136,6.2
5526575654,2021-10-23,자유 5:5 랭크,패배,1900-01-01 00:15:16,탐 켄치,점멸,순간이동,14,188,6.7
5525498095,2021-10-23,자유 5:5 랭크,패배,1900-01-01 00:15:16,나서스,점멸,순간이동,17,224,6.5
5525523682,2021-10-23,자유 5:5 랭크,승리,1900-01-01 00:15:16,나미,점멸,점화,9,10,0.5
5525470953,2021-10-23,우르프,승리,1900-01-01 00:15:16,유미,탈진,점화,24,36,1.8
5524842374,2021-10-23,자유 5:5 랭크,패배,1900-01-01 00:15:16,베인,점멸,유체화,12,128,6.0
5524718121,2021-10-23,자유 5:5 랭크,승리,1900-01-01 00:15:16,피오라,점멸,순간이동,15,195,6.9
5524695480,2021-10-23,자유 5:5 랭크,패배,1900-01-01 00:15:16,릴리아,점멸,순간이동,11,134,8.3
5524505205,2021-10-22,우르프,패배,1900-01-01 00:15:16,사일러스,점멸,탈진,18,73,4.0
5524434270,2021-10-22,자유 5:5 랭크,승리,1900-01-01 00:15:16,탐 켄치,점멸,순간이동,16,173,6.4
5524328146,2021-10-22,자유 5:5 랭크,승리,1900-01-01 00:15:16,피오라,점멸,순간이동,16,176,5.8
5524239667,2021-10-22,자유 5:5 랭크,승리,1900-01-01 00:15:16,릴리아,점멸,순간이동,13,135,5.5
5524241768,2021-10-22,우르프,패배,1900-01-01 00:15:16,사일러스,점멸,점화,20,98,4.3
5522955123,2021-10-21,자유 5:5 랭크,승리,1900-01-01 00:15:16,탐 켄치,점멸,순간이동,18,339,6.3
5522891752,2021-10-21,우르프,승리,1900-01-01 00:15:16,카이사,점멸,유체화,20,163,8.8
5522556505,2021-10-21,자유 5:5 랭크,승리,1900-01-01 00:15:16,피오라,점멸,순간이동,13,152,7.4
5522531788,2021-10-21,자유 5:5 랭크,승리,1900-01-01 00:15:16,탐 켄치,점멸,순간이동,14,141,7.2
5522408511,2021-10-21,우르프,승리,1900-01-01 00:15:16,베이가,점멸,유체화,16,82,5.7
5521671200,2021-10-21,자유 5:5 랭크,패배,1900-01-01 00:15:16,릴리아,점멸,순간이동,15,152,4.5
5521206035,2021-10-20,자유 5:5 랭크,패배,1900-01-01 00:15:16,이즈리얼,점멸,회복,16,209,6.2
5520909431,2021-10-20,우르프,승리,1900-01-01 00:15:16,마스터 이,점멸,방어막,25,152,6.4
5518024752,2021-10-18,자유 5:5 랭크,패배,1900-01-01 00:15:16,말자하,점멸,순간이동,15,234,6.7
5517838539,2021-10-18,자유 5:5 랭크,패배,1900-01-01 00:15:16,벡스,점멸,점화,13,156,6.0
5517019717,2021-10-18,자유 5:5 랭크,승리,1900-01-01 00:15:16,라이즈,점멸,순간이동,12,138,6.5
5517033069,2021-10-17,자유 5:5 랭크,승리,1900-01-01 00:15:16,릴리아,점멸,순간이동,18,275,8.0
5516810867,2021-10-17,자유 5:5 랭크,패배,1900-01-01 00:15:16,탐 켄치,점멸,순간이동,18,212,6.3
5515823715,2021-10-17,자유 5:5 랭크,승리,1900-01-01 00:15:16,퀸,점멸,순간이동,16,185,6.6
5514994111,2021-10-17,솔랭,승리,1900-01-01 00:15:16,탐 켄치,점멸,순간이동,12,124,7.7
5514786499,2021-10-16,솔랭,승리,1900-01-01 00:15:16,라이즈,점멸,순간이동,15,217,8.0
5514790288,2021-10-16,솔랭,패배,1900-01-01 00:15:16,릴리아,점멸,순간이동,13,119,4.7
5514675635,2021-10-16,솔랭,승리,1900-01-01 00:15:16,탐 켄치,점멸,순간이동,13,123,6.6
5512698134,2021-10-16,솔랭,승리,1900-01-01 00:15:16,릴리아,점멸,순간이동,16,215,7.1
5512683587,2021-10-16,솔랭,승리,1900-01-01 00:15:16,벡스,점멸,점화,11,104,6.2
5512535337,2021-10-15,솔랭,승리,1900-01-01 00:15:16,케이틀린,점멸,회복,12,148,6.1
5512352078,2021-10-15,자유 5:5 랭크,패배,1900-01-01 00:15:16,탐 켄치,점멸,순간이동,13,126,5.9
5512286066,2021-10-15,자유 5:5 랭크,패배,1900-01-01 00:15:16,릴리아,점멸,순간이동,12,135,6.6
5512238405,2021-10-15,자유 5:5 랭크,패배,1900-01-01 00:15:16,라이즈,점멸,순간이동,12,126,5.9
5511084818,2021-10-15,자유 5:5 랭크,승리,1900-01-01 00:15:16,케이틀린,점멸,회복,15,193,6.7
5510958710,2021-10-14,솔랭,승리,1900-01-01 00:15:16,이즈리얼,점멸,회복,14,192,6.5
5510899561,2021-10-14,자유 5:5 랭크,패배,1900-01-01 00:15:16,칼리스타,점멸,회복,16,216,5.7
5510759933,2021-10-14,솔랭,승리,1900-01-01 00:15:16,베인,점멸,회복,12,154,7.5
5510813548,2021-10-14,우르프,승리,1900-01-01 00:15:16,벡스,점멸,점화,22,103,5.2
5509682726,2021-10-14,자유 5:5 랭크,승리,1900-01-01 00:15:16,칼리스타,점멸,회복,16,227,6.3
5509569905,2021-10-14,자유 5:5 랭크,패배,1900-01-01 00:15:16,벡스,점멸,점화,10,99,6.3
5509652414,2021-10-14,자유 5:5 랭크,패배,1900-01-01 00:15:16,라이즈,점멸,순간이동,16,242,7.5
5509494613,2021-10-13,솔랭,패배,1900-01-01 00:15:16,탐 켄치,점멸,순간이동,14,182,7.0
5509470794,2021-10-13,솔랭,패배,1900-01-01 00:15:16,릴리아,점멸,순간이동,11,113,5.5
5509392627,2021-10-13,솔랭,패배,1900-01-01 00:15:16,벡스,점멸,점화,15,224,6.7
5508655204,2021-10-13,솔랭,승리,1900-01-01 00:15:16,벡스,점멸,점화,18,299,6.8
5508611526,2021-10-13,솔랭,승리,1900-01-01 00:15:16,카이사,점멸,회복,17,231,6.3
5507702710,2021-10-12,솔랭,패배,1900-01-01 00:15:16,벡스,점멸,점화,13,176,6.4
5507538958,2021-10-12,우르프,패배,1900-01-01 00:15:16,마스터 이,점멸,점화,18,114,6.7
5507566301,2021-10-12,우르프,승리,1900-01-01 00:15:16,샤코,점멸,점화,14,81,6.2
5507471224,2021-10-12,솔랭,승리,1900-01-01 00:15:16,벡스,점멸,순간이동,14,160,7.8
5507248079,2021-10-12,우르프,패배,1900-01-01 00:15:16,유미,탈진,점화,14,6,0.4
5506817225,2021-10-12,솔랭,승리,1900-01-01 00:15:16,라이즈,점멸,순간이동,18,292,7.6
5506804651,2021-10-12,우르프,승리,1900-01-01 00:15:16,샤코,점멸,점화,25,188,8.0
5506780400,2021-10-12,솔랭,승리,1900-01-01 00:15:16,벡스,순간이동,점멸,15,197,6.4
5506147890,2021-10-11,솔랭,승리,1900-01-01 00:15:16,아크샨,순간이동,점멸,13,130,5.9
5506069394,2021-10-11,솔랭,패배,1900-01-01 00:15:16,렝가,순간이동,점멸,16,212,6.6
5505935328,2021-10-11,솔랭,승리,1900-01-01 00:15:16,트린다미어,점멸,유체화,13,146,6.2
5505857981,2021-10-11,솔랭,승리,1900-01-01 00:15:16,렝가,점화,점멸,17,210,6.7
5505548791,2021-10-11,우르프,승리,1900-01-01 00:15:16,쓰레쉬,유체화,점멸,12,73,6.4
5505564934,2021-10-11,우르프,승리,1900-01-01 00:15:16,벡스,탈진,점멸,16,80,5.6
5505272220,2021-10-11,솔랭,패배,1900-01-01 00:15:16,벡스,점멸,점화,18,232,5.6
5505007815,2021-10-11,우르프,패배,1900-01-01 00:15:16,트린다미어,점멸,유체화,23,130,6.6
5505004323,2021-10-11,솔랭,승리,1900-01-01 00:15:16,벡스,점멸,점화,14,146,6.0
5505000818,2021-10-11,솔랭,승리,1900-01-01 00:15:16,모르가나,점멸,순간이동,11,26,1.2
5504937802,2021-10-11,우르프,승리,1900-01-01 00:15:16,트린다미어,점멸,유체화,20,133,7.4
5504685577,2021-10-11,우르프,승리,1900-01-01 00:15:16,벡스,점멸,점화,24,171,7.9
5504558146,2021-10-11,솔랭,패배,1900-01-01 00:15:16,사일러스,점멸,순간이동,18,206,4.7
5504386013,2021-10-10,우르프,패배,1900-01-01 00:15:16,샤코,점멸,점화,20,112,6.2
5504293177,2021-10-10,솔랭,패배,1900-01-01 00:15:16,루시안,점멸,회복,11,141,5.5
5504174773,2021-10-10,솔랭,패배,1900-01-01 00:15:16,벡스,점멸,점화,14,124,3.8
5503856133,2021-10-10,솔랭,패배,1900-01-01 00:15:16,샤코,점화,강타,14,111,3.6
5503460211,2021-10-10,솔랭,패배,1900-01-01 00:15:16,벡스,점멸,점화,15,170,5.2
5503343053,2021-10-10,솔랭,패배,1900-01-01 00:15:16,말파이트,점멸,순간이동,16,121,4.0
5503235825,2021-10-10,솔랭,패배,1900-01-01 00:15:16,카이사,점멸,회복,13,153,5.4
5503178459,2021-10-10,솔랭,패배,1900-01-01 00:15:16,트리스타나,점멸,회복,13,183,6.3
5502988595,2021-10-10,우르프,승리,1900-01-01 00:15:16,사일러스,점멸,탈진,21,138,6.9
5502916937,2021-10-10,우르프,패배,1900-01-01 00:15:16,니달리,점멸,점화,19,73,4.1
5499895322,2021-10-09,솔랭,패배,1900-01-01 00:15:16,아크샨,점멸,회복,12,180,6.8
5499842407,2021-10-09,솔랭,승리,1900-01-01 00:15:16,벡스,점멸,점화,13,157,7.1
5499804125,2021-10-09,솔랭,승리,1900-01-01 00:15:16,말자하,점멸,순간이동,15,152,5.6
5499740871,2021-10-09,우르프,승리,1900-01-01 00:15:16,샤코,점멸,점화,17,91,6.0
5499610146,2021-10-08,솔랭,패배,1900-01-01 00:15:16,벡스,점멸,점화,14,147,5.4
5499463370,2021-10-08,솔랭,패배,1900-01-01 00:15:16,베인,점멸,회복,13,163,5.8
5499394051,2021-10-08,솔랭,패배,1900-01-01 00:15:16,벡스,점멸,점화,16,198,6.9
5499279325,2021-10-08,우르프,패배,1900-01-01 00:15:16,샤코,점멸,점화,18,89,4.7
5497863377,2021-10-07,솔랭,승리,1900-01-01 00:15:16,오리아나,점멸,순간이동,11,135,8.3
5497505789,2021-10-07,솔랭,패배,1900-01-01 00:15:16,칼리스타,점멸,회복,15,235,7.2
5497389781,2021-10-07,솔랭,승리,1900-01-01 00:15:16,벡스,점멸,점화,15,141,4.6
5497376382,2021-10-07,우르프,승리,1900-01-01 00:15:16,샤코,점멸,점화,14,51,4.2
5497383084,2021-10-07,우르프,승리,1900-01-01 00:15:16,헤카림,점멸,유체화,17,96,6.0
5497329523,2021-10-07,우르프,승리,1900-01-01 00:15:16,트위치,점멸,유체화,17,79,4.7
5496016697,2021-10-06,솔랭,패배,1900-01-01 00:15:16,벡스,점멸,순간이동,15,180,6.5
5495933230,2021-10-06,솔랭,승리,1900-01-01 00:15:16,오리아나,점멸,순간이동,13,145,6.0
5495859877,2021-10-06,우르프,승리,1900-01-01 00:15:16,샤코,점멸,점화,18,105,6.8
5494640621,2021-10-05,솔랭,패배,1900-01-01 00:15:16,벡스,점멸,점화,17,182,5.1
5494507307,2021-10-05,솔랭,승리,1900-01-01 00:15:16,벡스,점멸,점화,18,293,7.1
5494441412,2021-10-05,솔랭,승리,1900-01-01 00:15:16,벡스,점멸,점화,14,161,5.5
5494342308,2021-10-05,우르프,패배,1900-01-01 00:15:16,샤코,점멸,점화,14,83,4.9
5494310229,2021-10-05,우르프,승리,1900-01-01 00:15:16,세나,점멸,점화,15,61,3.7
5493114176,2021-10-04,솔랭,승리,1900-01-01 00:15:16,칼리스타,점멸,회복,15,198,6.5
5492963658,2021-10-04,솔랭,패배,1900-01-01 00:15:16,벡스,점멸,점화,17,199,5.9
5492792845,2021-10-04,솔랭,패배,1900-01-01 00:15:16,벡스,점멸,점화,18,227,6.7
5492708035,2021-10-04,우르프,패배,1900-01-01 00:15:16,샤코,점멸,점화,17,112,6.0
5492655432,2021-10-04,우르프,승리,1900-01-01 00:15:16,마스터 이,점멸,점화,17,113,5.6
5492545553,2021-10-04,우르프,패배,1900-01-01 00:15:16,마스터 이,점멸,점화,18,139,6.6
5492301759,2021-10-04,우르프,승리,1900-01-01 00:15:16,벡스,점멸,점화,16,104,5.4
5491889609,2021-10-04,솔랭,패배,1900-01-01 00:15:16,벡스,점멸,점화,15,191,5.3
5491842863,2021-10-04,솔랭,승리,1900-01-01 00:15:16,벡스,점멸,점화,16,196,5.7
5491389227,2021-10-04,솔랭,승리,1900-01-01 00:15:16,벡스,점멸,점화,14,131,5.8
5491052425,2021-10-03,솔랭,승리,1900-01-01 00:15:16,벡스,점멸,점화,18,254,7.3
5490777834,2021-10-03,우르프,승리,1900-01-01 00:15:16,샤코,점멸,점화,17,110,5.8
5490618016,2021-10-03,솔랭,승리,1900-01-01 00:15:16,벡스,점멸,점화,16,124,3.9
5490320618,2021-10-03,우르프,승리,1900-01-01 00:15:16,이즈리얼,점멸,점화,13,99,7.0
5490217543,2021-10-03,우르프,승리,1900-01-01 00:15:16,샤코,점멸,점화,14,82,5.5
5490080236,2021-10-03,솔랭,패배,1900-01-01 00:15:16,사일러스,점멸,점화,13,115,4.6
5489960190,2021-10-03,솔랭,패배,1900-01-01 00:15:16,블리츠크랭크,점멸,점화,12,37,1.2
5489844768,2021-10-03,솔랭,패배,1900-01-01 00:15:16,말자하,점멸,점화,14,157,6.4
5489735626,2021-10-03,솔랭,패배,1900-01-01 00:15:16,벡스,점멸,점화,13,37,1.3
5489001135,2021-10-03,솔랭,패배,1900-01-01 00:15:16,벡스,점멸,점화,16,197,5.6
5488804249,2021-10-02,솔랭,승리,1900-01-01 00:15:16,칼리스타,점멸,회복,18,234,6.1
5488760834,2021-10-02,솔랭,승리,1900-01-01 00:15:16,칼리스타,점멸,회복,9,121,7.9
5487480171,2021-10-02,솔랭,승리,1900-01-01 00:15:16,벡스,점멸,점화,12,20,0.8
5487367791,2021-10-02,솔랭,승리,1900-01-01 00:15:16,블리츠크랭크,점멸,점화,14,35,1.1
5487403046,2021-10-02,솔랭,승리,1900-01-01 00:15:16,벡스,점멸,점화,17,244,7.4
5486547153,2021-10-01,솔랭,패배,1900-01-01 00:15:16,라이즈,점멸,순간이동,13,147,6.2
5486541599,2021-10-01,솔랭,승리,1900-01-01 00:15:16,벡스,점멸,점화,11,98,5.1
5486406011,2021-10-01,솔랭,승리,1900-01-01 00:15:16,뽀삐,점멸,강타,9,60,3.9
5486278709,2021-10-01,솔랭,패배,1900-01-01 00:15:16,아트록스,순간이동,점멸,15,166,5.7
5486304505,2021-10-01,솔랭,다시하기,1900-01-01 00:15:16,오른,순간이동,점멸,3,16,4.9
5486226295,2021-10-01,솔랭,패배,1900-01-01 00:15:16,벡스,점멸,점화,16,188,6.0
5486166307,2021-10-01,솔랭,패배,1900-01-01 00:15:16,트리스타나,점멸,회복,12,133,5.6
5486101460,2021-10-01,솔랭,승리,1900-01-01 00:15:16,르블랑,점화,점멸,14,31,1.1
5485978961,2021-10-01,무작위 총력전,승리,1900-01-01 00:15:16,벨코즈,탈진,점멸,16,46,2.5
5485981681,2021-10-01,무작위 총력전,패배,1900-01-01 00:15:16,초가스,탈진,점멸,16,43,2.1
5485889506,2021-10-01,무작위 총력전,패배,1900-01-01 00:15:16,티모,회복,점멸,13,44,3.2
5485887786,2021-10-01,무작위 총력전,승리,1900-01-01 00:15:16,드레이븐,탈진,점멸,10,33,3.6
5484598471,2021-09-30,솔랭,승리,1900-01-01 00:15:16,벡스,점멸,점화,14,123,4.8
5484601814,2021-09-30,솔랭,패배,1900-01-01 00:15:16,샤코,점화,강타,13,122,4.1
5484543595,2021-09-30,솔랭,승리,1900-01-01 00:15:16,벡스,점멸,점화,14,135,5.1
5483552172,2021-09-30,솔랭,패배,1900-01-01 00:15:16,벡스,점멸,방어막,17,220,5.6
5483086093,2021-09-29,솔랭,패배,1900-01-01 00:15:16,벡스,점멸,점화,14,131,4.8
5483020882,2021-09-29,솔랭,승리,1900-01-01 00:15:16,라이즈,점멸,순간이동,16,214,6.7
5481730746,2021-09-28,우르프,승리,1900-01-01 00:15:16,샤코,점멸,점화,18,108,4.9
5481667195,2021-09-28,우르프,패배,1900-01-01 00:15:16,샤코,점멸,점화,10,62,5.0
5481602535,2021-09-28,솔랭,패배,1900-01-01 00:15:16,라이즈,점멸,순간이동,14,189,6.7
5481514470,2021-09-28,솔랭,패배,1900-01-01 00:15:16,이즈리얼,점멸,회복,14,203,6.8
5481448478,2021-09-28,솔랭,패배,1900-01-01 00:15:16,베인,점멸,회복,10,90,4.3
5481413371,2021-09-28,솔랭,승리,1900-01-01 00:15:16,칼리스타,점멸,회복,14,212,7.5
5480137415,2021-09-27,솔랭,승리,1900-01-01 00:15:16,칼리스타,점멸,회복,16,219,7.3
5480106674,2021-09-27,솔랭,패배,1900-01-01 00:15:16,이즈리얼,점멸,회복,17,190,4.9
5479876918,2021-09-27,우르프,패배,1900-01-01 00:15:16,샤코,점멸,점화,15,87,5.1
5479815872,2021-09-27,우르프,승리,1900-01-01 00:15:16,샤코,점멸,점화,10,69,5.9
5478502782,2021-09-26,우르프,패배,1900-01-01 00:15:16,샤코,점멸,점화,12,57,3.9
5478307887,2021-09-26,우르프,승리,1900-01-01 00:15:16,샤코,점멸,점화,19,170,8.0
5478293374,2021-09-26,우르프,승리,1900-01-01 00:15:16,이즈리얼,점멸,탈진,15,122,7.6
5478047154,2021-09-26,우르프,승리,1900-01-01 00:15:16,초가스,점멸,유체화,20,208,9.1
5477326611,2021-09-26,우르프,승리,1900-01-01 00:15:16,자야,점멸,유체화,19,227,11.1
5477255153,2021-09-26,우르프,패배,1900-01-01 00:15:16,자야,점멸,유체화,11,84,6.4
5477272009,2021-09-26,우르프,승리,1900-01-01 00:15:16,모르가나,점멸,유체화,12,35,2.7
5476259262,2021-09-26,우르프,패배,1900-01-01 00:15:16,마스터 이,점멸,유체화,18,108,5.2
5476302478,2021-09-26,솔랭,패배,1900-01-01 00:15:16,칼리스타,점멸,회복,13,210,7.1
5476187314,2021-09-26,솔랭,패배,1900-01-01 00:15:16,칼리스타,점멸,회복,11,127,6.2
5476173068,2021-09-26,우르프,패배,1900-01-01 00:15:16,샤코,점멸,점화,15,78,4.8
5476066587,2021-09-26,우르프,패배,1900-01-01 00:15:16,카이사,점멸,탈진,21,125,5.2
5476043164,2021-09-25,우르프,승리,1900-01-01 00:15:16,샤코,점멸,점화,13,111,7.4
5475988190,2021-09-25,우르프,패배,1900-01-01 00:15:16,니달리,점멸,유체화,9,38,3.3
5474160566,2021-09-25,우르프,패배,1900-01-01 00:15:16,샤코,점멸,점화,13,85,5.8
5474076450,2021-09-25,우르프,승리,1900-01-01 00:15:16,샤코,점멸,점화,21,144,6.0
5474083595,2021-09-25,우르프,패배,1900-01-01 00:15:16,이렐리아,점멸,점화,13,119,7.9
5474011847,2021-09-25,우르프,패배,1900-01-01 00:15:16,브라움,점멸,탈진,13,51,2.8
5473739752,2021-09-25,우르프,패배,1900-01-01 00:15:16,쓰레쉬,점멸,회복,7,36,3.5
5473080613,2021-09-24,우르프,패배,1900-01-01 00:15:16,쓰레쉬,점멸,회복,12,103,6.3
5473035293,2021-09-24,우르프,승리,1900-01-01 00:15:16,쓰레쉬,점멸,점화,15,93,5.6
5472972101,2021-09-24,우르프,승리,1900-01-01 00:15:16,럼블,점멸,유체화,13,77,5.6
5472808762,2021-09-24,우르프,승리,1900-01-01 00:15:16,초가스,점멸,유체화,18,145,6.6
5472774876,2021-09-24,우르프,패배,1900-01-01 00:15:16,마스터 이,점멸,점화,11,52,4.0
5472446393,2021-09-24,솔랭,승리,1900-01-01 00:15:16,베인,점멸,회복,12,145,5.2
5472462128,2021-09-24,솔랭,승리,1900-01-01 00:15:16,릴리아,점멸,순간이동,13,162,7.7
5472049895,2021-09-24,우르프,패배,1900-01-01 00:15:16,마스터 이,점멸,점화,18,127,5.5
5472018428,2021-09-24,우르프,패배,1900-01-01 00:15:16,세나,점멸,유체화,12,55,3.9
5471995297,2021-09-24,솔랭,패배,1900-01-01 00:15:16,라이즈,점멸,순간이동,13,156,6.1
5471909901,2021-09-24,솔랭,패배,1900-01-01 00:15:16,베인,점멸,회복,14,207,6.5
5471557627,2021-09-24,솔랭,패배,1900-01-01 00:15:16,칼리스타,점멸,회복,18,246,5.3
5471563509,2021-09-24,솔랭,승리,1900-01-01 00:15:16,이즈리얼,점멸,회복,11,167,7.5
5471206175,2021-09-24,솔랭,패배,1900-01-01 00:15:16,카이사,점멸,회복,16,205,5.3
5471134652,2021-09-23,솔랭,승리,1900-01-01 00:15:16,베인,점멸,회복,10,112,6.6
5470399822,2021-09-23,솔랭,승리,1900-01-01 00:15:16,베인,점멸,회복,12,145,6.8
5470394347,2021-09-23,솔랭,패배,1900-01-01 00:15:16,오리아나,점멸,순간이동,16,247,7.7
5470450914,2021-09-23,솔랭,승리,1900-01-01 00:15:16,라이즈,점멸,순간이동,14,152,6.4
5469778638,2021-09-23,솔랭,패배,1900-01-01 00:15:16,라이즈,점멸,순간이동,15,198,7.0
5469702061,2021-09-23,솔랭,패배,1900-01-01 00:15:16,아크샨,점멸,점화,15,174,5.4
5467178069,2021-09-22,솔랭,승리,1900-01-01 00:15:16,라이즈,점멸,순간이동,16,155,4.2
5465650593,2021-09-21,솔랭,승리,1900-01-01 00:15:16,라이즈,점멸,순간이동,18,226,5.2
5465496609,2021-09-21,솔랭,승리,1900-01-01 00:15:16,피오라,점멸,점화,13,142,5.6
5464746723,2021-09-20,솔랭,승리,1900-01-01 00:15:16,아크샨,점멸,점화,16,181,5.2
5464637233,2021-09-20,솔랭,승리,1900-01-01 00:15:16,오리아나,점멸,순간이동,18,259,6.6
5464059837,2021-09-20,솔랭,패배,1900-01-01 00:15:16,카이사,점멸,회복,12,198,7.5
5464024674,2021-09-20,솔랭,승리,1900-01-01 00:15:16,트리스타나,점멸,회복,13,149,6.2
5462594983,2021-09-19,솔랭,패배,1900-01-01 00:15:16,칼리스타,점멸,회복,17,279,8.4
5462438148,2021-09-19,솔랭,패배,1900-01-01 00:15:16,트리스타나,점멸,회복,14,192,6.9
5462433314,2021-09-19,솔랭,승리,1900-01-01 00:15:16,세나,점멸,회복,11,157,7.6
5462345509,2021-09-19,솔랭,패배,1900-01-01 00:15:16,루시안,점멸,회복,15,211,6.9
5461999554,2021-09-19,솔랭,패배,1900-01-01 00:15:16,라이즈,점멸,순간이동,14,204,8.4
5461970613,2021-09-19,솔랭,패배,1900-01-01 00:15:16,샤코,점화,강타,18,232,5.8
5461892748,2021-09-19,솔랭,패배,1900-01-01 00:15:16,베인,점멸,회복,12,173,6.8
5461815409,2021-09-19,솔랭,패배,1900-01-01 00:15:16,이즈리얼,점멸,회복,16,202,6.4
5460782836,2021-09-19,솔랭,패배,1900-01-01 00:15:16,라이즈,점멸,순간이동,17,228,6.9
5460672680,2021-09-19,솔랭,승리,1900-01-01 00:15:16,라이즈,점멸,순간이동,16,194,5.9
5460228451,2021-09-18,솔랭,승리,1900-01-01 00:15:16,탐 켄치,점멸,순간이동,15,173,6.5
5458274676,2021-09-18,솔랭,승리,1900-01-01 00:15:16,트리스타나,점멸,회복,13,153,7.1
5458183688,2021-09-17,솔랭,다시하기,1900-01-01 00:15:16,아크샨,점멸,회복,2,9,2.7
5458034146,2021-09-17,솔랭,패배,1900-01-01 00:15:16,루시안,점멸,회복,16,195,5.9
5457537688,2021-09-17,솔랭,승리,1900-01-01 00:15:16,말자하,점멸,순간이동,14,151,5.7
5457466125,2021-09-17,솔랭,패배,1900-01-01 00:15:16,베인,점멸,회복,16,213,6.0
5457392066,2021-09-17,솔랭,패배,1900-01-01 00:15:16,진,점멸,회복,12,152,6.2
5456848041,2021-09-17,솔랭,패배,1900-01-01 00:15:16,피오라,점멸,순간이동,17,202,5.0
5456051346,2021-09-16,솔랭,승리,1900-01-01 00:15:16,베인,점멸,회복,18,255,6.8
5455955596,2021-09-16,솔랭,승리,1900-01-01 00:15:16,아크샨,점멸,회복,13,138,5.5
5455910353,2021-09-16,솔랭,패배,1900-01-01 00:15:16,베인,점멸,회복,12,156,5.9
5455824270,2021-09-16,솔랭,승리,1900-01-01 00:15:16,베인,점멸,회복,13,177,7.1
5455617370,2021-09-16,솔랭,패배,1900-01-01 00:15:16,그레이브즈,점멸,강타,11,121,4.5
5455602496,2021-09-16,솔랭,패배,1900-01-01 00:15:16,오리아나,점멸,순간이동,14,191,7.2
5455248868,2021-09-16,솔랭,패배,1900-01-01 00:15:16,탐 켄치,점멸,순간이동,11,123,5.6
5455241017,2021-09-16,솔랭,패배,1900-01-01 00:15:16,이즈리얼,점멸,회복,13,177,6.1
5455175682,2021-09-16,솔랭,승리,1900-01-01 00:15:16,이즈리얼,점멸,회복,13,169,7.9
5455133354,2021-09-16,솔랭,승리,1900-01-01 00:15:16,트리스타나,점멸,회복,11,122,5.7
5455026180,2021-09-16,솔랭,패배,1900-01-01 00:15:16,라이즈,점멸,순간이동,11,122,6.3
5455062261,2021-09-16,솔랭,패배,1900-01-01 00:15:16,제이스,점멸,순간이동,10,90,5.3
5454194090,2021-09-15,솔랭,승리,1900-01-01 00:15:16,라이즈,점멸,순간이동,16,237,8.0
5453864227,2021-09-15,솔랭,패배,1900-01-01 00:15:16,릴리아,점멸,순간이동,17,215,5.7
5453669196,2021-09-15,솔랭,승리,1900-01-01 00:15:16,카이사,점멸,회복,13,165,7.0
5453694336,2021-09-15,솔랭,패배,1900-01-01 00:15:16,뽀삐,점멸,강타,14,127,4.0
5453652020,2021-09-15,솔랭,승리,1900-01-01 00:15:16,칼리스타,점멸,회복,11,119,5.9
5453568157,2021-09-15,솔랭,승리,1900-01-01 00:15:16,베인,점멸,회복,13,167,6.3
5452656298,2021-09-14,솔랭,승리,1900-01-01 00:15:16,릴리아,점멸,순간이동,17,224,7.0
5452701785,2021-09-14,솔랭,패배,1900-01-01 00:15:16,티모,점멸,순간이동,9,84,6.9
5451870657,2021-09-14,솔랭,승리,1900-01-01 00:15:16,라이즈,점멸,순간이동,13,124,5.6
5451587764,2021-09-14,솔랭,패배,1900-01-01 00:15:16,오리아나,점멸,순간이동,15,168,5.9
5451536783,2021-09-14,솔랭,패배,1900-01-01 00:15:16,라이즈,점멸,순간이동,16,218,6.3
5450791330,2021-09-13,솔랭,승리,1900-01-01 00:15:16,라이즈,점멸,순간이동,17,264,8.3
5450657161,2021-09-13,솔랭,패배,1900-01-01 00:15:16,피오라,점멸,순간이동,11,104,5.1
5450325623,2021-09-13,솔랭,패배,1900-01-01 00:15:16,이즈리얼,점멸,회복,8,100,6.1
5450310783,2021-09-13,솔랭,패배,1900-01-01 00:15:16,피오라,점멸,순간이동,17,234,6.4
5449525253,2021-09-12,솔랭,패배,1900-01-01 00:15:16,탐 켄치,점멸,순간이동,16,172,4.7
5448429548,2021-09-12,솔랭,승리,1900-01-01 00:15:16,루시안,점멸,회복,12,132,5.3
5448224352,2021-09-12,솔랭,패배,1900-01-01 00:15:16,릴리아,점멸,순간이동,14,129,5.1
5447222989,2021-09-11,솔랭,패배,1900-01-01 00:15:16,트리스타나,점멸,회복,14,200,6.9
5447061413,2021-09-11,솔랭,패배,1900-01-01 00:15:16,트위치,점멸,회복,17,196,5.1
5445027102,2021-09-11,솔랭,패배,1900-01-01 00:15:16,이즈리얼,점멸,회복,9,101,5.9
5444025185,2021-09-10,솔랭,승리,1900-01-01 00:15:16,베인,점멸,회복,11,125,5.6
5443980604,2021-09-10,솔랭,승리,1900-01-01 00:15:16,가렌,점멸,점화,16,260,9.0
5443867582,2021-09-10,솔랭,승리,1900-01-01 00:15:16,말자하,점멸,점화,12,135,6.3
5443864564,2021-09-10,솔랭,승리,1900-01-01 00:15:16,라이즈,점멸,순간이동,12,142,8.4
5443830869,2021-09-10,솔랭,승리,1900-01-01 00:15:16,피오라,점멸,순간이동,15,191,7.4
5443413087,2021-09-10,솔랭,패배,1900-01-01 00:15:16,이즈리얼,점멸,회복,12,142,5.8
5443367849,2021-09-10,솔랭,패배,1900-01-01 00:15:16,루시안,점멸,회복,18,346,8.0
5443313555,2021-09-10,솔랭,승리,1900-01-01 00:15:16,징크스,점멸,회복,14,222,6.9
5442768780,2021-09-09,솔랭,승리,1900-01-01 00:15:16,오리아나,점멸,순간이동,17,241,7.4
5442526471,2021-09-09,솔랭,승리,1900-01-01 00:15:16,제라스,방어막,점멸,17,93,2.6
5442399408,2021-09-09,솔랭,승리,1900-01-01 00:15:16,이즈리얼,점멸,회복,14,172,5.4
5442316180,2021-09-09,솔랭,패배,1900-01-01 00:15:16,제이스,점멸,순간이동,12,104,4.8
5442311974,2021-09-09,솔랭,승리,1900-01-01 00:15:16,케넨,순간이동,점멸,16,170,5.6
5442277499,2021-09-09,솔랭,패배,1900-01-01 00:15:16,탐 켄치,점멸,순간이동,15,166,5.3
5442211271,2021-09-09,솔랭,승리,1900-01-01 00:15:16,케이틀린,점멸,탈진,13,144,5.8
5442158132,2021-09-09,솔랭,패배,1900-01-01 00:15:16,라이즈,점멸,순간이동,14,215,7.1
5441478917,2021-09-09,무작위 총력전,승리,1900-01-01 00:15:16,아우렐리온 솔,점멸,회복,18,85,2.9
5441554876,2021-09-09,일반,승리,1900-01-01 00:15:16,탐 켄치,점멸,순간이동,15,153,6.1
5441482443,2021-09-09,일반,패배,1900-01-01 00:15:16,오리아나,점멸,순간이동,16,179,6.2
5441369456,2021-09-09,일반,패배,1900-01-01 00:15:16,샤코,점화,강타,10,94,4.5
5441280314,2021-09-08,무작위 총력전,승리,1900-01-01 00:15:16,트위스티드 페이트,점멸,유체화,18,58,2.4
5441225891,2021-09-08,무작위 총력전,패배,1900-01-01 00:15:16,일라오이,점멸,표식,16,46,2.5
5441211789,2021-09-08,무작위 총력전,패배,1900-01-01 00:15:16,브랜드,점멸,총명,17,54,2.6
5440991517,2021-09-08,자유 5:5 랭크,패배,1900-01-01 00:15:16,하이머딩거,점멸,점화,18,221,5.0
5440865621,2021-09-08,자유 5:5 랭크,패배,1900-01-01 00:15:16,세나,점멸,순간이동,18,249,6.0
5440920659,2021-09-08,자유 5:5 랭크,패배,1900-01-01 00:15:16,이렐리아,점멸,회복,12,128,4.8
5440787572,2021-09-08,자유 5:5 랭크,승리,1900-01-01 00:15:16,애쉬,점멸,회복,12,146,6.1
5440795136,2021-09-08,솔랭,패배,1900-01-01 00:15:16,이렐리아,점멸,회복,7,68,4.4
5440740153,2021-09-08,솔랭,승리,1900-01-01 00:15:16,탐 켄치,점멸,순간이동,16,205,6.2
5440369052,2021-09-08,솔랭,승리,1900-01-01 00:15:16,제이스,점멸,순간이동,14,151,6.6
5440346650,2021-09-08,솔랭,승리,1900-01-01 00:15:16,라이즈,점멸,순간이동,12,146,7.4
5439877837,2021-09-08,솔랭,패배,1900-01-01 00:15:16,잭스,점멸,순간이동,12,116,5.6
5439924265,2021-09-08,솔랭,패배,1900-01-01 00:15:16,탐 켄치,점멸,순간이동,9,64,4.0
5439849322,2021-09-08,솔랭,승리,1900-01-01 00:15:16,제이스,점멸,순간이동,15,150,5.6
5439553854,2021-09-07,솔랭,패배,1900-01-01 00:15:16,요네,점멸,점화,12,114,6.1
5439359074,2021-09-07,솔랭,패배,1900-01-01 00:15:16,쓰레쉬,점화,점멸,12,35,1.2
5439413706,2021-09-07,솔랭,승리,1900-01-01 00:15:16,사일러스,점멸,순간이동,14,146,6.0
5439370231,2021-09-07,솔랭,패배,1900-01-01 00:15:16,제라스,방어막,점멸,10,28,1.3
5439086200,2021-09-07,솔랭,승리,1900-01-01 00:15:16,퀸,점멸,점화,15,152,6.1
5438908409,2021-09-07,솔랭,승리,1900-01-01 00:15:16,제라스,방어막,점멸,15,31,1.0
5438943698,2021-09-07,솔랭,승리,1900-01-01 00:15:16,릴리아,점멸,순간이동,17,222,7.1
5438808961,2021-09-07,솔랭,승리,1900-01-01 00:15:16,제라스,방어막,점멸,12,35,1.7
5437273721,2021-09-06,솔랭,승리,1900-01-01 00:15:16,베인,점멸,회복,16,228,7.6
5437119762,2021-09-06,솔랭,패배,1900-01-01 00:15:16,직스,점멸,회복,14,172,5.8
5436828473,2021-09-06,솔랭,승리,1900-01-01 00:15:16,카이사,점멸,회복,16,244,6.6
5436135081,2021-09-05,솔랭,승리,1900-01-01 00:15:16,베인,점멸,회복,18,253,6.0
5435407894,2021-09-05,솔랭,패배,1900-01-01 00:15:16,뽀삐,점멸,강타,13,125,5.2
5435380932,2021-09-05,솔랭,패배,1900-01-01 00:15:16,샤코,점화,강타,14,116,3.4
5435102852,2021-09-05,솔랭,패배,1900-01-01 00:15:16,라이즈,점멸,순간이동,18,278,7.4
5434912957,2021-09-05,솔랭,승리,1900-01-01 00:15:16,샤코,점화,강타,18,202,4.7
5434390824,2021-09-04,솔랭,패배,1900-01-01 00:15:16,뽀삐,점멸,강타,14,98,3.5
5434245704,2021-09-04,솔랭,승리,1900-01-01 00:15:16,탐 켄치,점멸,순간이동,12,116,6.1
5432267064,2021-09-04,무작위 총력전,승리,1900-01-01 00:15:16,유미,점화,탈진,16,3,0.2
5432314224,2021-09-04,일반,승리,1900-01-01 00:15:16,릴리아,점멸,순간이동,13,121,5.4
5432231127,2021-09-04,일반,패배,1900-01-01 00:15:16,릴리아,점멸,강타,13,131,4.5
5432156230,2021-09-04,일반,패배,1900-01-01 00:15:16,릴리아,점멸,점화,10,88,4.1
5432170810,2021-09-04,일반,패배,1900-01-01 00:15:16,아크샨,점멸,점화,13,148,6.4
5432106213,2021-09-04,무작위 총력전,승리,1900-01-01 00:15:16,카시오페아,점멸,방어막,17,73,3.6
5431979353,2021-09-04,무작위 총력전,패배,1900-01-01 00:15:16,잔나,점멸,총명,18,33,1.5
5432005599,2021-09-03,무작위 총력전,패배,1900-01-01 00:15:16,나미,점멸,점화,13,7,0.5
5431153292,2021-09-03,솔랭,패배,1900-01-01 00:15:16,뽀삐,점멸,강타,15,151,4.7
5430884904,2021-09-03,솔랭,승리,1900-01-01 00:15:16,블리츠크랭크,점멸,점화,13,28,1.0
5430840031,2021-09-03,솔랭,승리,1900-01-01 00:15:16,탐 켄치,점멸,순간이동,18,199,5.9
5430079628,2021-09-03,무작위 총력전,승리,1900-01-01 00:15:16,세나,점멸,방어막,18,66,3.5
5430055883,2021-09-03,솔랭,패배,1900-01-01 00:15:16,칼리스타,점멸,회복,13,174,6.4
5430071380,2021-09-03,솔랭,승리,1900-01-01 00:15:16,이즈리얼,점멸,회복,13,161,5.9
5430025752,2021-09-03,솔랭,패배,1900-01-01 00:15:16,아크샨,점멸,회복,12,187,6.9
5430000853,2021-09-02,솔랭,승리,1900-01-01 00:15:16,트위치,점멸,회복,13,163,6.7
5429845252,2021-09-02,솔랭,승리,1900-01-01 00:15:16,트위치,점멸,회복,14,164,5.9
5428869011,2021-09-02,솔랭,패배,1900-01-01 00:15:16,탐 켄치,점멸,순간이동,11,112,6.9
5428876186,2021-09-02,솔랭,패배,1900-01-01 00:15:16,트위치,점멸,탈진,11,117,5.7
5427646012,2021-09-01,솔랭,패배,1900-01-01 00:15:16,트위치,점멸,회복,10,96,4.9
5427642152,2021-09-01,솔랭,승리,1900-01-01 00:15:16,칼리스타,점멸,회복,12,156,7.1
5427467932,2021-09-01,솔랭,승리,1900-01-01 00:15:16,아크샨,점멸,회복,16,224,6.5
5427552491,2021-09-01,솔랭,패배,1900-01-01 00:15:16,직스,점멸,순간이동,15,173,4.7
5427428049,2021-09-01,솔랭,승리,1900-01-01 00:15:16,진,점멸,회복,16,188,5.5
5426567100,2021-09-01,솔랭,패배,1900-01-01 00:15:16,트리스타나,점멸,회복,14,171,6.1
5426022579,2021-08-31,솔랭,패배,1900-01-01 00:15:16,아크샨,점멸,회복,17,247,6.5
5425908604,2021-08-31,솔랭,패배,1900-01-01 00:15:16,베인,점멸,회복,8,88,5.0
5425785628,2021-08-31,솔랭,승리,1900-01-01 00:15:16,진,점멸,회복,13,178,7.3
5425476576,2021-08-31,솔랭,패배,1900-01-01 00:15:16,탐 켄치,점멸,순간이동,16,167,5.5
5425382069,2021-08-31,솔랭,승리,1900-01-01 00:15:16,라이즈,점멸,순간이동,14,172,6.1
5424929819,2021-08-31,솔랭,패배,1900-01-01 00:15:16,이즈리얼,점멸,회복,13,174,6.1
5424889048,2021-08-31,솔랭,패배,1900-01-01 00:15:16,하이머딩거,점멸,점화,8,66,6.3
5424905714,2021-08-31,솔랭,패배,1900-01-01 00:15:16,사일러스,점멸,순간이동,11,78,3.8
5420903952,2021-08-29,솔랭,승리,1900-01-01 00:15:16,직스,점멸,회복,17,228,5.7
5420776930,2021-08-29,솔랭,패배,1900-01-01 00:15:16,루시안,점멸,회복,14,185,6.0
5420820461,2021-08-29,솔랭,승리,1900-01-01 00:15:16,진,점멸,회복,12,144,6.7
5419078849,2021-08-28,솔랭,패배,1900-01-01 00:15:16,일라오이,점멸,순간이동,16,223,7.5
5419113401,2021-08-28,솔랭,승리,1900-01-01 00:15:16,세나,점멸,회복,16,183,6.0
5419110164,2021-08-28,솔랭,승리,1900-01-01 00:15:16,나서스,점멸,순간이동,14,159,6.5
5418947983,2021-08-28,솔랭,승리,1900-01-01 00:15:16,말파이트,점멸,순간이동,16,127,4.4
5419014369,2021-08-28,솔랭,패배,1900-01-01 00:15:16,잭스,점멸,순간이동,11,110,5.8
5418334719,2021-08-27,솔랭,승리,1900-01-01 00:15:16,탐 켄치,점멸,순간이동,17,170,5.1
5416097702,2021-08-26,솔랭,패배,1900-01-01 00:15:16,릴리아,점멸,순간이동,16,196,5.8
5416080920,2021-08-26,솔랭,패배,1900-01-01 00:15:16,다리우스,점멸,유체화,18,221,5.8
5415977345,2021-08-26,솔랭,패배,1900-01-01 00:15:16,진,점멸,회복,10,119,5.7
5415472422,2021-08-26,솔랭,패배,1900-01-01 00:15:16,이즈리얼,점멸,회복,15,224,7.0
5415325367,2021-08-26,솔랭,승리,1900-01-01 00:15:16,탐 켄치,점멸,순간이동,15,172,7.5
5413055392,2021-08-25,솔랭,패배,1900-01-01 00:15:16,카이사,점멸,회복,12,154,6.1
5413034075,2021-08-25,솔랭,승리,1900-01-01 00:15:16,이즈리얼,점멸,회복,17,186,5.6
5411959502,2021-08-24,솔랭,승리,1900-01-01 00:15:16,케이틀린,점멸,회복,12,121,4.7
5411956662,2021-08-24,솔랭,승리,1900-01-01 00:15:16,진,점멸,회복,10,120,7.3
5411923531,2021-08-24,솔랭,패배,1900-01-01 00:15:16,아크샨,점멸,회복,11,131,5.0
5411869665,2021-08-24,솔랭,승리,1900-01-01 00:15:16,루시안,점멸,회복,8,91,7.7
5411833002,2021-08-24,솔랭,승리,1900-01-01 00:15:16,베인,점멸,회복,12,168,6.7
5411765713,2021-08-24,솔랭,승리,1900-01-01 00:15:16,직스,점멸,순간이동,18,267,6.5
5411596730,2021-08-24,솔랭,승리,1900-01-01 00:15:16,탐 켄치,점멸,순간이동,15,142,5.2
5408932698,2021-08-22,솔랭,패배,1900-01-01 00:15:16,말파이트,점멸,순간이동,14,125,4.5
5406365515,2021-08-21,솔랭,승리,1900-01-01 00:15:16,제라스,방어막,점멸,18,70,1.8
5406222531,2021-08-21,솔랭,패배,1900-01-01 00:15:16,렝가,점화,순간이동,17,269,7.3
5405589646,2021-08-21,무작위 총력전,승리,1900-01-01 00:15:16,퀸,방어막,점멸,11,38,4.2
5404534348,2021-08-21,무작위 총력전,승리,1900-01-01 00:15:16,럼블,점멸,점화,18,65,2.5
5404501934,2021-08-21,무작위 총력전,패배,1900-01-01 00:15:16,하이머딩거,점멸,방어막,18,60,2.6
5404457587,2021-08-21,무작위 총력전,패배,1900-01-01 00:15:16,소라카,점멸,총명,14,1,0.1
5404396006,2021-08-21,무작위 총력전,승리,1900-01-01 00:15:16,칼리스타,점멸,표식,17,114,5.8
5404460707,2021-08-21,무작위 총력전,패배,1900-01-01 00:15:16,초가스,점멸,표식,16,32,1.8
5404338214,2021-08-21,무작위 총력전,패배,1900-01-01 00:15:16,질리언,점멸,방어막,12,11,0.9
5404285097,2021-08-21,무작위 총력전,패배,1900-01-01 00:15:16,제이스,점멸,표식,17,48,2.4
5404198345,2021-08-21,무작위 총력전,승리,1900-01-01 00:15:16,애니,점멸,회복,18,75,2.7
5404165451,2021-08-20,무작위 총력전,패배,1900-01-01 00:15:16,빅토르,점멸,유체화,14,17,1.3
5404180971,2021-08-20,무작위 총력전,승리,1900-01-01 00:15:16,나서스,점멸,점화,14,48,3.3
5403934283,2021-08-20,솔랭,승리,1900-01-01 00:15:16,사일러스,점멸,순간이동,14,110,4.1
5403266093,2021-08-20,솔랭,패배,1900-01-01 00:15:16,이즈리얼,점멸,회복,13,162,6.1
5402897427,2021-08-20,솔랭,패배,1900-01-01 00:15:16,탐 켄치,점멸,순간이동,17,225,5.6
5402075295,2021-08-19,솔랭,패배,1900-01-01 00:15:16,오른,점멸,순간이동,16,146,4.2
5401362866,2021-08-19,솔랭,승리,1900-01-01 00:15:16,탐 켄치,점멸,순간이동,16,154,4.9
5400088882,2021-08-18,자유 5:5 랭크,승리,1900-01-01 00:15:16,아칼리,점멸,순간이동,13,140,5.5
5400131206,2021-08-18,자유 5:5 랭크,승리,1900-01-01 00:15:16,다이애나,점멸,강타,11,87,3.8
5400024473,2021-08-18,자유 5:5 랭크,승리,1900-01-01 00:15:16,뽀삐,점멸,강타,17,132,3.7
5400020304,2021-08-18,무작위 총력전,패배,1900-01-01 00:15:16,누누와 윌럼프,점멸,회복,18,37,1.7
5399917066,2021-08-18,자유 5:5 랭크,승리,1900-01-01 00:15:16,라이즈,점멸,순간이동,12,125,6.9
5399920865,2021-08-18,자유 5:5 랭크,패배,1900-01-01 00:15:16,아우렐리온 솔,점멸,점화,14,133,3.7
5399439500,2021-08-18,솔랭,승리,1900-01-01 00:15:16,탐 켄치,점멸,순간이동,13,149,7.6
5399275411,2021-08-18,솔랭,패배,1900-01-01 00:15:16,다이애나,점멸,강타,14,160,5.5
5399190059,2021-08-18,솔랭,패배,1900-01-01 00:15:16,탐 켄치,점멸,순간이동,14,155,6.3
5397775224,2021-08-17,솔랭,승리,1900-01-01 00:15:16,다이애나,점멸,강타,14,139,5.3
5397702582,2021-08-17,솔랭,패배,1900-01-01 00:15:16,트리스타나,점멸,회복,13,176,5.4
5397616609,2021-08-17,솔랭,패배,1900-01-01 00:15:16,케이틀린,점멸,회복,15,190,5.8
5397493812,2021-08-17,솔랭,패배,1900-01-01 00:15:16,잭스,점멸,순간이동,15,166,4.4
5396105401,2021-08-16,솔랭,패배,1900-01-01 00:15:16,세트,점멸,순간이동,16,188,6.2
5396110295,2021-08-16,솔랭,승리,1900-01-01 00:15:16,탐 켄치,점화,순간이동,13,120,5.7
5395802039,2021-08-16,솔랭,패배,1900-01-01 00:15:16,코그모,점멸,회복,11,98,4.8
5395695637,2021-08-16,솔랭,패배,1900-01-01 00:15:16,뽀삐,점멸,강타,12,121,4.4
5395626037,2021-08-16,솔랭,패배,1900-01-01 00:15:16,탐 켄치,점멸,순간이동,15,165,5.9
5394959813,2021-08-16,솔랭,승리,1900-01-01 00:15:16,탐 켄치,점멸,순간이동,15,166,6.2
5394247713,2021-08-15,솔랭,승리,1900-01-01 00:15:16,탐 켄치,점멸,순간이동,15,177,6.7
5393426838,2021-08-15,솔랭,패배,1900-01-01 00:15:16,샤코,점화,강타,11,117,5.2
5391996589,2021-08-15,솔랭,패배,1900-01-01 00:15:16,노틸러스,점멸,점화,13,31,0.9
5391991735,2021-08-15,솔랭,패배,1900-01-01 00:15:16,탐 켄치,점멸,순간이동,12,127,6.8
5389174493,2021-08-13,솔랭,승리,1900-01-01 00:15:16,탐 켄치,점멸,순간이동,12,116,7.2
5388949472,2021-08-13,솔랭,패배,1900-01-01 00:15:16,탐 켄치,점멸,순간이동,16,197,5.7
5388962282,2021-08-13,솔랭,승리,1900-01-01 00:15:16,탐 켄치,점멸,순간이동,17,166,5.3
5388329617,2021-08-13,솔랭,승리,1900-01-01 00:15:16,탐 켄치,점멸,순간이동,17,212,7.1
5387272604,2021-08-12,솔랭,승리,1900-01-01 00:15:16,뽀삐,점멸,강타,13,116,4.6
5387105910,2021-08-12,솔랭,패배,1900-01-01 00:15:16,말파이트,점멸,순간이동,14,116,3.7
5387010459,2021-08-12,솔랭,패배,1900-01-01 00:15:16,탐 켄치,점멸,순간이동,17,224,6.8
5386954854,2021-08-12,솔랭,승리,1900-01-01 00:15:16,라이즈,점멸,순간이동,15,192,7.3
5386950707,2021-08-12,솔랭,승리,1900-01-01 00:15:16,탐 켄치,점멸,순간이동,13,106,4.4
5386772353,2021-08-12,솔랭,승리,1900-01-01 00:15:16,탐 켄치,점멸,순간이동,14,144,5.4
5385160450,2021-08-11,솔랭,패배,1900-01-01 00:15:16,초가스,점멸,순간이동,18,251,6.8
5385012364,2021-08-11,솔랭,승리,1900-01-01 00:15:16,탐 켄치,점멸,순간이동,18,189,5.8
5384922123,2021-08-11,솔랭,패배,1900-01-01 00:15:16,베인,점멸,회복,14,205,6.7
5384737503,2021-08-11,솔랭,승리,1900-01-01 00:15:16,말파이트,점멸,순간이동,17,168,4.5
5384664503,2021-08-11,솔랭,패배,1900-01-01 00:15:16,이즈리얼,점멸,회복,12,171,6.1
5384590805,2021-08-11,솔랭,패배,1900-01-01 00:15:16,세트,점멸,점화,10,42,1.9
5382953038,2021-08-10,솔랭,패배,1900-01-01 00:15:16,탐 켄치,점멸,순간이동,18,211,4.9
5382694103,2021-08-10,솔랭,승리,1900-01-01 00:15:16,탐 켄치,점멸,순간이동,17,190,6.0
5382556957,2021-08-10,솔랭,패배,1900-01-01 00:15:16,탐 켄치,점멸,순간이동,15,162,4.8
5382265866,2021-08-10,솔랭,승리,1900-01-01 00:15:16,이즈리얼,점멸,회복,14,157,6.0
5380964262,2021-08-09,솔랭,승리,1900-01-01 00:15:16,퀸,점멸,유체화,15,177,6.7
5380807781,2021-08-09,솔랭,패배,1900-01-01 00:15:16,세트,점멸,순간이동,14,132,4.3
5380801769,2021-08-09,솔랭,승리,1900-01-01 00:15:16,탐 켄치,점멸,순간이동,14,128,5.8
5380644035,2021-08-09,솔랭,승리,1900-01-01 00:15:16,탐 켄치,점멸,순간이동,15,169,5.4
5380430776,2021-08-09,솔랭,승리,1900-01-01 00:15:16,이즈리얼,점멸,순간이동,14,178,6.0
5379792062,2021-08-09,솔랭,승리,1900-01-01 00:15:16,말자하,점멸,순간이동,13,156,7.7
5379629473,2021-08-09,솔랭,패배,1900-01-01 00:15:16,뽀삐,점멸,강타,10,74,3.3
5378984582,2021-08-08,솔랭,승리,1900-01-01 00:15:16,샤코,점화,강타,15,131,4.1
5378268884,2021-08-08,솔랭,패배,1900-01-01 00:15:16,뽀삐,점멸,강타,11,112,5.0
5376955637,2021-08-07,솔랭,승리,1900-01-01 00:15:16,뽀삐,점멸,강타,14,162,6.3
5374646747,2021-08-07,솔랭,패배,1900-01-01 00:15:16,이즈리얼,점멸,회복,15,218,6.9
5374609893,2021-08-07,솔랭,패배,1900-01-01 00:15:16,아우렐리온 솔,점멸,점화,9,71,4.4
5374361656,2021-08-06,솔랭,패배,1900-01-01 00:15:16,뽀삐,점멸,강타,12,102,3.7
5374256096,2021-08-06,솔랭,패배,1900-01-01 00:15:16,잭스,점멸,순간이동,14,144,5.5
5374189421,2021-08-06,솔랭,승리,1900-01-01 00:15:16,렝가,강타,점멸,14,169,5.4
5374183865,2021-08-06,솔랭,패배,1900-01-01 00:15:16,카타리나,점화,순간이동,15,116,4.1
5374027950,2021-08-06,솔랭,승리,1900-01-01 00:15:16,렝가,점화,순간이동,18,195,5.3
5372940265,2021-08-06,솔랭,승리,1900-01-01 00:15:16,제이스,점멸,순간이동,15,197,7.0
5372884864,2021-08-06,솔랭,패배,1900-01-01 00:15:16,사일러스,점멸,순간이동,14,134,5.1
5372234693,2021-08-05,무작위 총력전,패배,1900-01-01 00:15:16,말파이트,점멸,총명,16,43,2.4
5372066606,2021-08-05,솔랭,패배,1900-01-01 00:15:16,라이즈,점멸,순간이동,16,240,7.5
5372031816,2021-08-05,솔랭,승리,1900-01-01 00:15:16,카타리나,점화,순간이동,14,117,4.6
5372001373,2021-08-05,솔랭,패배,1900-01-01 00:15:16,아크샨,점멸,순간이동,13,165,7.0
5370863655,2021-08-05,솔랭,승리,1900-01-01 00:15:16,사일러스,점멸,점화,15,122,4.5
5370333847,2021-08-04,솔랭,패배,1900-01-01 00:15:16,이즈리얼,점멸,회복,12,134,6.4
5370175898,2021-08-04,솔랭,패배,1900-01-01 00:15:16,이즈리얼,점멸,회복,14,164,6.0
5369334000,2021-08-04,솔랭,승리,1900-01-01 00:15:16,유미,탈진,점화,10,7,0.3
5368588987,2021-08-03,솔랭,승리,1900-01-01 00:15:16,아크샨,점멸,점화,12,142,6.7
5368521702,2021-08-03,솔랭,승리,1900-01-01 00:15:16,오리아나,점멸,순간이동,15,185,6.2
5368406934,2021-08-03,솔랭,승리,1900-01-01 00:15:16,쉔,점멸,순간이동,11,77,4.6
5368279232,2021-08-03,솔랭,승리,1900-01-01 00:15:16,루시안,점멸,회복,14,198,6.7
5368323527,2021-08-03,솔랭,승리,1900-01-01 00:15:16,샤코,점화,강타,9,79,4.9
5368017168,2021-08-03,솔랭,패배,1900-01-01 00:15:16,트런들,점멸,강타,16,155,4.7
5368040935,2021-08-03,솔랭,승리,1900-01-01 00:15:16,말자하,점멸,순간이동,16,211,7.1
5367852809,2021-08-03,솔랭,승리,1900-01-01 00:15:16,카시오페아,점멸,순간이동,14,179,7.2
5367552717,2021-08-03,솔랭,패배,1900-01-01 00:15:16,아우렐리온 솔,점멸,점화,12,118,4.8
5366762739,2021-08-03,솔랭,승리,1900-01-01 00:15:16,아우렐리온 솔,점멸,점화,16,170,5.1
5366464454,2021-08-02,솔랭,승리,1900-01-01 00:15:16,아우렐리온 솔,점멸,점화,15,151,5.3
5366379255,2021-08-02,솔랭,패배,1900-01-01 00:15:16,퀸,점멸,점화,10,105,6.9
5366306215,2021-08-02,솔랭,패배,1900-01-01 00:15:16,트런들,점멸,강타,12,131,4.6
5365587680,2021-08-02,솔랭,승리,1900-01-01 00:15:16,샤코,점화,강타,18,215,5.1
5365613184,2021-08-02,솔랭,패배,1900-01-01 00:15:16,라이즈,점멸,순간이동,12,133,6.3
5363403769,2021-08-01,솔랭,패배,1900-01-01 00:15:16,뽀삐,점멸,강타,11,100,4.9
5361924155,2021-07-31,솔랭,승리,1900-01-01 00:15:16,아크샨,점멸,순간이동,17,229,7.6
5361815247,2021-07-31,솔랭,패배,1900-01-01 00:15:16,아우렐리온 솔,점멸,점화,15,200,5.8
5360214446,2021-07-31,솔랭,승리,1900-01-01 00:15:16,말파이트,점멸,점화,15,171,6.3
5360220534,2021-07-31,솔랭,패배,1900-01-01 00:15:16,오리아나,점멸,순간이동,14,210,7.2
5360117582,2021-07-31,솔랭,패배,1900-01-01 00:15:16,이즈리얼,점멸,회복,9,116,6.1
5359904251,2021-07-31,일반,승리,1900-01-01 00:15:16,아크샨,점멸,순간이동,16,189,6.1
5359886275,2021-07-30,무작위 총력전,승리,1900-01-01 00:15:16,진,점멸,방어막,18,101,3.8
5359893429,2021-07-30,무작위 총력전,패배,1900-01-01 00:15:16,비에고,점멸,표식,9,25,3.0
5359589675,2021-07-30,무작위 총력전,패배,1900-01-01 00:15:16,쓰레쉬,점멸,표식,13,13,0.9
5359369160,2021-07-30,솔랭,패배,1900-01-01 00:15:16,워윅,점멸,강타,14,159,4.9
5359070882,2021-07-30,솔랭,승리,1900-01-01 00:15:16,뽀삐,점멸,강타,11,91,4.3
5358906825,2021-07-30,솔랭,패배,1900-01-01 00:15:16,아우렐리온 솔,점멸,점화,12,100,4.6
5358559254,2021-07-30,솔랭,패배,1900-01-01 00:15:16,라이즈,점멸,순간이동,12,130,6.8
5355980415,2021-07-29,자유 5:5 랭크,패배,1900-01-01 00:15:16,아크샨,점멸,순간이동,18,260,6.8
5355118794,2021-07-28,일반,패배,1900-01-01 00:15:16,아크샨,점멸,방어막,13,161,6.4
5355162050,2021-07-28,일반,패배,1900-01-01 00:15:16,아크샨,점멸,순간이동,13,130,5.0
5355045982,2021-07-28,일반,패배,1900-01-01 00:15:16,아크샨,점멸,회복,12,120,4.4
5355051881,2021-07-28,일반,승리,1900-01-01 00:15:16,아크샨,점멸,회복,10,96,5.0
5354974387,2021-07-28,일반,패배,1900-01-01 00:15:16,아크샨,점멸,순간이동,12,129,6.4
5354773217,2021-07-28,솔랭,승리,1900-01-01 00:15:16,라이즈,점멸,순간이동,11,95,5.6
5352829120,2021-07-27,솔랭,패배,1900-01-01 00:15:16,케이틀린,점멸,회복,12,153,5.7
5352863813,2021-07-27,솔랭,패배,1900-01-01 00:15:16,베인,점멸,회복,12,151,5.9
5352639619,2021-07-27,솔랭,패배,1900-01-01 00:15:16,룰루,점멸,점화,11,23,0.9
5352566535,2021-07-27,솔랭,승리,1900-01-01 00:15:16,아우렐리온 솔,점멸,점화,12,105,5.5
5352640107,2021-07-27,솔랭,승리,1900-01-01 00:15:16,사일러스,점멸,순간이동,15,111,3.7
5352214282,2021-07-27,일반,패배,1900-01-01 00:15:16,샤코,점화,탈진,14,33,1.0
5351018166,2021-07-26,솔랭,승리,1900-01-01 00:15:16,베인,점멸,회복,17,208,6.4
5350982445,2021-07-26,솔랭,승리,1900-01-01 00:15:16,케이틀린,점멸,회복,11,149,7.4
5350823445,2021-07-26,솔랭,패배,1900-01-01 00:15:16,라이즈,점멸,순간이동,14,177,5.9
5350354366,2021-07-26,솔랭,승리,1900-01-01 00:15:16,뽀삐,점멸,강타,13,124,5.0
5348888338,2021-07-25,솔랭,패배,1900-01-01 00:15:16,라이즈,점멸,순간이동,12,128,5.7
5348951460,2021-07-25,솔랭,패배,1900-01-01 00:15:16,킨드레드,점멸,강타,12,139,5.9
5348160597,2021-07-25,솔랭,패배,1900-01-01 00:15:16,라이즈,점멸,순간이동,17,228,5.5
5348032569,2021-07-25,솔랭,승리,1900-01-01 00:15:16,뽀삐,점멸,강타,16,166,5.0
5347634981,2021-07-25,솔랭,패배,1900-01-01 00:15:16,트리스타나,점멸,회복,13,191,7.8
5347651642,2021-07-25,솔랭,패배,1900-01-01 00:15:16,나서스,점멸,순간이동,15,188,6.9
5347193131,2021-07-25,솔랭,승리,1900-01-01 00:15:16,아우렐리온 솔,점멸,점화,18,225,5.1
5347025610,2021-07-25,솔랭,패배,1900-01-01 00:15:16,라이즈,점멸,순간이동,16,197,7.5
5346819960,2021-07-25,솔랭,패배,1900-01-01 00:15:16,라이즈,점멸,순간이동,12,138,6.0
5346617421,2021-07-24,솔랭,패배,1900-01-01 00:15:16,케넨,점멸,순간이동,14,154,5.0
5345695221,2021-07-24,솔랭,승리,1900-01-01 00:15:16,라이즈,점멸,순간이동,16,227,7.5
5345552887,2021-07-24,솔랭,승리,1900-01-01 00:15:16,케이틀린,점멸,회복,16,239,7.3
5345425920,2021-07-24,솔랭,승리,1900-01-01 00:15:16,나서스,점멸,순간이동,16,198,7.3
5343860039,2021-07-23,솔랭,패배,1900-01-01 00:15:16,다이애나,점멸,강타,14,136,5.2
5343684672,2021-07-23,솔랭,패배,1900-01-01 00:15:16,뽀삐,점멸,강타,13,123,5.0
5342779363,2021-07-23,솔랭,패배,1900-01-01 00:15:16,라이즈,점멸,순간이동,15,193,5.7
5342706392,2021-07-23,솔랭,패배,1900-01-01 00:15:16,라이즈,점멸,순간이동,11,122,6.2
5341567343,2021-07-22,솔랭,승리,1900-01-01 00:15:16,라이즈,점멸,순간이동,14,143,5.6
5341389010,2021-07-22,솔랭,승리,1900-01-01 00:15:16,뽀삐,점멸,강타,11,106,5.1
5341420074,2021-07-22,솔랭,승리,1900-01-01 00:15:16,라이즈,점멸,순간이동,17,225,6.5
5341333669,2021-07-22,솔랭,승리,1900-01-01 00:15:16,라이즈,점멸,순간이동,17,196,6.0
5339289994,2021-07-21,솔랭,승리,1900-01-01 00:15:16,뽀삐,점멸,강타,11,116,5.8
5337345049,2021-07-20,무작위 총력전,패배,1900-01-01 00:15:16,칼리스타,점멸,방어막,14,76,4.6
5337360574,2021-07-20,무작위 총력전,승리,1900-01-01 00:15:16,샤코,탈진,점화,16,13,0.8
5336428915,2021-07-20,솔랭,패배,1900-01-01 00:15:16,사일러스,점멸,순간이동,13,107,4.5
5335775328,2021-07-20,무작위 총력전,승리,1900-01-01 00:15:16,진,점멸,유체화,17,53,2.8
5335703853,2021-07-20,무작위 총력전,패배,1900-01-01 00:15:16,애쉬,점멸,총명,15,38,2.1
5334404274,2021-07-19,솔랭,승리,1900-01-01 00:15:16,샤코,점화,강타,15,167,5.4
5334242624,2021-07-19,솔랭,패배,1900-01-01 00:15:16,녹턴,점멸,강타,13,133,5.5
5333610758,2021-07-19,솔랭,패배,1900-01-01 00:15:16,세나,점멸,회복,8,97,6.3
5333454235,2021-07-19,솔랭,승리,1900-01-01 00:15:16,이즈리얼,점멸,회복,14,191,6.7
5332976006,2021-07-18,솔랭,패배,1900-01-01 00:15:16,그웬,점멸,순간이동,15,197,6.9
5332961992,2021-07-18,솔랭,패배,1900-01-01 00:15:16,모데카이저,점멸,순간이동,11,108,6.9
5332521087,2021-07-18,솔랭,패배,1900-01-01 00:15:16,사일러스,점멸,점화,11,96,4.4
5331486384,2021-07-18,솔랭,다시하기,1900-01-01 00:15:16,샤코,점화,강타,3,15,4.5
5331413637,2021-07-18,솔랭,승리,1900-01-01 00:15:16,다이애나,점멸,강타,13,140,6.1
5331308088,2021-07-18,솔랭,패배,1900-01-01 00:15:16,뽀삐,점멸,강타,15,119,3.7
5331370333,2021-07-18,솔랭,패배,1900-01-01 00:15:16,진,점멸,회복,15,170,5.3
5331253212,2021-07-18,솔랭,패배,1900-01-01 00:15:16,카이사,점멸,회복,14,193,6.1
5331116012,2021-07-18,솔랭,패배,1900-01-01 00:15:16,코그모,점멸,회복,13,159,5.3
5330998829,2021-07-17,솔랭,승리,1900-01-01 00:15:16,트리스타나,점멸,회복,13,179,7.3
5330658751,2021-07-17,솔랭,승리,1900-01-01 00:15:16,오리아나,점멸,순간이동,17,226,6.1
5325909418,2021-07-15,솔랭,승리,1900-01-01 00:15:16,워윅,점멸,강타,14,129,4.5
5325869354,2021-07-15,솔랭,승리,1900-01-01 00:15:16,트리스타나,회복,점멸,18,270,7.4
5325876331,2021-07-15,무작위 총력전,승리,1900-01-01 00:15:16,누누와 윌럼프,표식,점멸,15,23,1.6
5325801969,2021-07-15,솔랭,패배,1900-01-01 00:15:16,쓰레쉬,점화,점멸,13,29,0.9
5324063905,2021-07-14,솔랭,패배,1900-01-01 00:15:16,사일러스,점멸,순간이동,13,106,3.9
5323601571,2021-07-14,솔랭,승리,1900-01-01 00:15:16,아우렐리온 솔,점멸,점화,13,121,5.1
5323443080,2021-07-14,솔랭,패배,1900-01-01 00:15:16,탈리야,점멸,강타,10,94,4.7
5321690587,2021-07-13,솔랭,승리,1900-01-01 00:15:16,탈리야,점멸,강타,18,202,4.4
5321322472,2021-07-13,일반,승리,1900-01-01 00:15:16,킨드레드,점멸,점화,17,201,5.3
5320024837,2021-07-12,궁극기 모드,승리,1900-01-01 00:15:16,샤코,게임 시작 후 결정,강타,12,74,4.4
5319918929,2021-07-12,솔랭,승리,1900-01-01 00:15:16,뽀삐,점멸,강타,14,125,4.4
5319817789,2021-07-12,일반,패배,1900-01-01 00:15:16,킨드레드,점멸,강타,16,154,4.1
5319189811,2021-07-12,일반,승리,1900-01-01 00:15:16,아지르,점멸,점화,16,186,5.0
5318870398,2021-07-12,솔랭,패배,1900-01-01 00:15:16,트리스타나,점멸,회복,11,129,5.4
5318707028,2021-07-12,솔랭,승리,1900-01-01 00:15:16,샤코,점화,강타,17,128,3.6
5318761641,2021-07-12,솔랭,승리,1900-01-01 00:15:16,베인,점멸,회복,16,210,8.2
5318645133,2021-07-12,솔랭,패배,1900-01-01 00:15:16,케이틀린,점멸,회복,15,207,5.4
5318185394,2021-07-11,솔랭,패배,1900-01-01 00:15:16,녹턴,점멸,강타,13,128,5.3
5316167041,2021-07-11,솔랭,패배,1900-01-01 00:15:16,샤코,점화,강타,17,135,3.4
5315833362,2021-07-10,솔랭,승리,1900-01-01 00:15:16,녹턴,점멸,강타,13,126,5.0
5315742240,2021-07-10,솔랭,승리,1900-01-01 00:15:16,뽀삐,점멸,강타,15,109,3.9
5312656919,2021-07-09,솔랭,승리,1900-01-01 00:15:16,카이사,점멸,회복,12,201,9.2
5312603372,2021-07-09,솔랭,패배,1900-01-01 00:15:16,뽀삐,점멸,강타,9,82,3.9
5311642689,2021-07-09,솔랭,승리,1900-01-01 00:15:16,뽀삐,점멸,강타,14,154,5.7
5310390107,2021-07-08,솔랭,패배,1900-01-01 00:15:16,케이틀린,점멸,회복,8,105,6.2
5309733206,2021-07-08,솔랭,패배,1900-01-01 00:15:16,아우렐리온 솔,점멸,점화,16,159,4.6
5309720773,2021-07-08,솔랭,패배,1900-01-01 00:15:16,샤코,점화,강타,12,94,3.4
5309636131,2021-07-08,솔랭,패배,1900-01-01 00:15:16,사일러스,점멸,순간이동,14,131,4.4
5309358337,2021-07-07,솔랭,패배,1900-01-01 00:15:16,문도 박사,순간이동,점멸,15,196,7.2
5308268781,2021-07-07,솔랭,패배,1900-01-01 00:15:16,뽀삐,점멸,강타,14,110,3.8
5308264634,2021-07-07,솔랭,승리,1900-01-01 00:15:16,뽀삐,점멸,강타,18,204,4.6
5307384123,2021-07-06,일반,패배,1900-01-01 00:15:16,아우렐리온 솔,점멸,점화,18,254,5.3
5307330829,2021-07-06,일반,승리,1900-01-01 00:15:16,아우렐리온 솔,점멸,점화,12,126,7.0
5307264112,2021-07-06,자유 5:5 랭크,패배,1900-01-01 00:15:16,뽀삐,점멸,강타,10,88,4.2
5307177494,2021-07-06,자유 5:5 랭크,승리,1900-01-01 00:15:16,사일러스,점멸,순간이동,12,110,5.6
5306723375,2021-07-06,솔랭,승리,1900-01-01 00:15:16,녹턴,점멸,강타,16,169,4.7
5305064441,2021-07-05,솔랭,패배,1900-01-01 00:15:16,샤코,점화,강타,15,165,4.8
5304869075,2021-07-05,솔랭,패배,1900-01-01 00:15:16,샤코,점화,강타,14,114,3.8
5303441970,2021-07-04,솔랭,승리,1900-01-01 00:15:16,징크스,점멸,회복,18,341,7.5
5303295587,2021-07-04,솔랭,승리,1900-01-01 00:15:16,이즈리얼,점멸,회복,14,172,6.2
5303227392,2021-07-04,솔랭,승리,1900-01-01 00:15:16,루시안,점멸,회복,12,149,6.0
5303016963,2021-07-04,솔랭,승리,1900-01-01 00:15:16,베인,점멸,정화,14,176,6.4
5302972940,2021-07-04,솔랭,승리,1900-01-01 00:15:16,카이사,점멸,회복,16,235,6.0
5302868167,2021-07-04,솔랭,패배,1900-01-01 00:15:16,뽀삐,점멸,강타,11,100,4.7
5301494153,2021-07-04,솔랭,승리,1900-01-01 00:15:16,사일러스,점멸,순간이동,13,97,4.2
5301388471,2021-07-04,솔랭,패배,1900-01-01 00:15:16,뽀삐,점멸,강타,14,155,5.3
5299113255,2021-07-03,무작위 총력전,패배,1900-01-01 00:15:16,직스,점멸,회복,18,72,3.2
5299140770,2021-07-03,무작위 총력전,패배,1900-01-01 00:15:16,아칼리,점멸,표식,14,15,1.0
5299038960,2021-07-03,무작위 총력전,승리,1900-01-01 00:15:16,잭스,점멸,표식,17,33,1.8
5298994798,2021-07-03,일반,승리,1900-01-01 00:15:16,칼리스타,점멸,회복,15,162,5.3
5299050884,2021-07-03,일반,패배,1900-01-01 00:15:16,신 짜오,점멸,강타,8,66,4.3
5298914884,2021-07-03,일반,승리,1900-01-01 00:15:16,샤코,점화,강타,17,140,4.1
5298836267,2021-07-03,일반,패배,1900-01-01 00:15:16,아우렐리온 솔,점멸,점화,14,123,3.6
5298736404,2021-07-03,솔랭,승리,1900-01-01 00:15:16,뽀삐,점멸,강타,17,149,4.1
5297926079,2021-07-02,일반,패배,1900-01-01 00:15:16,아우렐리온 솔,점멸,점화,13,141,5.3
5297799945,2021-07-02,일반,패배,1900-01-01 00:15:16,아우렐리온 솔,점멸,점화,17,218,5.7
5297781549,2021-07-02,일반,승리,1900-01-01 00:15:16,아우렐리온 솔,점멸,점화,16,144,4.5
5297635508,2021-07-02,일반,패배,1900-01-01 00:15:16,샤코,점화,순간이동,17,169,4.4
5296206585,2021-07-01,솔랭,패배,1900-01-01 00:15:16,녹턴,점멸,강타,16,186,5.1
5295608169,2021-07-01,솔랭,승리,1900-01-01 00:15:16,케이틀린,점멸,회복,18,256,6.9
5295673821,2021-07-01,솔랭,패배,1900-01-01 00:15:16,비에고,점멸,강타,11,99,5.2
5294514931,2021-06-30,솔랭,패배,1900-01-01 00:15:16,샤코,점화,강타,16,148,3.8
5294325726,2021-06-30,솔랭,승리,1900-01-01 00:15:16,뽀삐,점멸,강타,16,151,4.7
5292015123,2021-06-29,솔랭,패배,1900-01-01 00:15:16,샤코,점화,강타,12,103,4.2
5292031658,2021-06-29,솔랭,승리,1900-01-01 00:15:16,샤코,점화,강타,10,92,5.6
5291927489,2021-06-29,솔랭,패배,1900-01-01 00:15:16,뽀삐,점멸,강타,13,110,4.1
5291900877,2021-06-29,솔랭,승리,1900-01-01 00:15:16,뽀삐,점멸,강타,15,142,4.9
5291815754,2021-06-29,솔랭,승리,1900-01-01 00:15:16,뽀삐,점멸,강타,15,148,5.1
5290542363,2021-06-28,솔랭,승리,1900-01-01 00:15:16,녹턴,점멸,순간이동,12,112,7.2
5290484888,2021-06-28,솔랭,승리,1900-01-01 00:15:16,녹턴,점멸,순간이동,15,139,5.3
5290328364,2021-06-28,솔랭,승리,1900-01-01 00:15:16,샤코,점화,순간이동,15,108,3.5
5290372115,2021-06-28,솔랭,패배,1900-01-01 00:15:16,이즈리얼,점멸,회복,14,198,6.2
5290237856,2021-06-28,솔랭,패배,1900-01-01 00:15:16,트리스타나,점멸,회복,14,166,5.7
5290240401,2021-06-28,솔랭,패배,1900-01-01 00:15:16,다이애나,점멸,강타,15,161,4.8
5290174059,2021-06-28,솔랭,승리,1900-01-01 00:15:16,샤코,점화,강타,13,134,5.2
5289451907,2021-06-28,무작위 총력전,패배,1900-01-01 00:15:16,이즈리얼,점멸,방어막,18,98,4.3
5289259568,2021-06-28,무작위 총력전,패배,1900-01-01 00:15:16,그레이브즈,점멸,회복,17,79,4.2
5289306590,2021-06-28,무작위 총력전,패배,1900-01-01 00:15:16,유미,총명,점화,18,5,0.2
5289304381,2021-06-28,무작위 총력전,패배,1900-01-01 00:15:16,트위스티드 페이트,점멸,유체화,14,40,2.6
5289260892,2021-06-28,일반,패배,1900-01-01 00:15:16,잭스,점멸,순간이동,13,120,4.8
5289138266,2021-06-28,일반,패배,1900-01-01 00:15:16,사일러스,점멸,순간이동,10,74,4.2
5289121911,2021-06-28,일반,승리,1900-01-01 00:15:16,샤코,점화,강타,17,139,4.0
5288813772,2021-06-27,솔랭,패배,1900-01-01 00:15:16,렝가,순간이동,점멸,13,139,4.9
5288733033,2021-06-27,솔랭,패배,1900-01-01 00:15:16,녹턴,점멸,순간이동,13,140,5.5
5288673391,2021-06-27,솔랭,패배,1900-01-01 00:15:16,제라스,방어막,점멸,14,32,0.9
5288578035,2021-06-27,솔랭,승리,1900-01-01 00:15:16,티모,점화,점멸,15,152,6.6
5288512866,2021-06-27,솔랭,승리,1900-01-01 00:15:16,녹턴,점멸,순간이동,11,125,7.7
5288466508,2021-06-27,솔랭,승리,1900-01-01 00:15:16,쓰레쉬,점화,점멸,12,27,1.1
5288344388,2021-06-27,솔랭,패배,1900-01-01 00:15:16,뽀삐,점멸,강타,12,95,4.0
5288238728,2021-06-27,솔랭,패배,1900-01-01 00:15:16,레오나,점화,점멸,11,31,1.2
5287116014,2021-06-27,일반,승리,1900-01-01 00:15:16,그웬,점멸,점화,16,173,5.9
5287101245,2021-06-27,일반,패배,1900-01-01 00:15:16,카밀,순간이동,점화,12,87,3.6
5287034727,2021-06-27,일반,패배,1900-01-01 00:15:16,다이애나,점멸,강타,14,149,4.7
5287030163,2021-06-27,일반,패배,1900-01-01 00:15:16,샤코,점화,순간이동,11,71,3.8
5286915969,2021-06-27,무작위 총력전,패배,1900-01-01 00:15:16,케이틀린,점멸,회복,16,84,4.8
5286888000,2021-06-27,무작위 총력전,패배,1900-01-01 00:15:16,아우렐리온 솔,점멸,방어막,18,100,3.6
5286840482,2021-06-26,무작위 총력전,패배,1900-01-01 00:15:16,그웬,점멸,점화,18,33,1.5
5284217323,2021-06-25,일반,승리,1900-01-01 00:15:16,비에고,점멸,강타,18,171,4.6
5284099364,2021-06-25,일반,패배,1900-01-01 00:15:16,사일러스,점멸,순간이동,14,151,4.6
5284163631,2021-06-25,일반,패배,1900-01-01 00:15:16,사일러스,점멸,순간이동,11,105,5.4
5283682965,2021-06-25,솔랭,승리,1900-01-01 00:15:16,뽀삐,점멸,강타,18,156,3.8
5283357057,2021-06-25,솔랭,승리,1900-01-01 00:15:16,뽀삐,점멸,강타,14,136,4.6
5283095936,2021-06-25,솔랭,패배,1900-01-01 00:15:16,샤코,점화,강타,12,104,3.9
5281761307,2021-06-24,솔랭,승리,1900-01-01 00:15:16,카이사,점멸,회복,18,299,7.2
5281604463,2021-06-24,솔랭,패배,1900-01-01 00:15:16,뽀삐,점멸,강타,13,130,5.2
5281578092,2021-06-24,솔랭,패배,1900-01-01 00:15:16,베인,점멸,회복,15,170,5.7
5281531603,2021-06-24,솔랭,패배,1900-01-01 00:15:16,이즈리얼,점멸,회복,8,107,6.7
5281398676,2021-06-24,솔랭,승리,1900-01-01 00:15:16,트리스타나,점멸,회복,13,188,8.1
5281395387,2021-06-24,솔랭,승리,1900-01-01 00:15:16,케이틀린,점멸,회복,11,152,6.7
5281411718,2021-06-24,솔랭,패배,1900-01-01 00:15:16,샤코,점화,강타,14,146,5.0
5281354502,2021-06-24,솔랭,승리,1900-01-01 00:15:16,샤코,점화,강타,15,150,4.6
5280878910,2021-06-24,솔랭,패배,1900-01-01 00:15:16,이즈리얼,점멸,회복,16,221,6.2
5280737060,2021-06-23,솔랭,패배,1900-01-01 00:15:16,뽀삐,점멸,강타,16,121,3.4
5280378045,2021-06-23,솔랭,승리,1900-01-01 00:15:16,뽀삐,점멸,강타,11,89,4.5
5279468395,2021-06-23,솔랭,승리,1900-01-01 00:15:16,뽀삐,점멸,강타,10,69,3.4
5279477201,2021-06-23,솔랭,승리,1900-01-01 00:15:16,뽀삐,점멸,강타,10,80,5.2
5278498716,2021-06-22,솔랭,승리,1900-01-01 00:15:16,뽀삐,점멸,강타,13,114,4.1
5278461550,2021-06-22,솔랭,승리,1900-01-01 00:15:16,뽀삐,점멸,강타,16,131,4.1
5278343452,2021-06-22,솔랭,승리,1900-01-01 00:15:16,뽀삐,점멸,강타,13,123,4.6
5278246436,2021-06-22,솔랭,승리,1900-01-01 00:15:16,뽀삐,점멸,강타,14,128,4.5
5276556167,2021-06-21,솔랭,패배,1900-01-01 00:15:16,비에고,점멸,강타,14,128,3.6
5276418802,2021-06-21,솔랭,승리,1900-01-01 00:15:16,뽀삐,점멸,강타,13,113,4.5
5276372475,2021-06-21,솔랭,승리,1900-01-01 00:15:16,케이틀린,점멸,회복,16,204,5.6
5276176026,2021-06-21,솔랭,승리,1900-01-01 00:15:16,뽀삐,점멸,강타,14,105,4.2
5276037434,2021-06-21,솔랭,패배,1900-01-01 00:15:16,샤코,점화,강타,12,97,3.9
5275954457,2021-06-21,솔랭,패배,1900-01-01 00:15:16,엘리스,점멸,강타,11,89,4.3
5275717120,2021-06-21,솔랭,승리,1900-01-01 00:15:16,뽀삐,점멸,강타,14,131,5.1
5275681596,2021-06-21,솔랭,승리,1900-01-01 00:15:16,뽀삐,점멸,강타,17,162,4.7
5275573683,2021-06-21,솔랭,승리,1900-01-01 00:15:16,샤코,점화,강타,8,73,5.0
5275167461,2021-06-21,일반,승리,1900-01-01 00:15:16,티모,점멸,순간이동,14,177,7.8
5269373383,2021-06-18,일반,승리,1900-01-01 00:15:16,사일러스,점멸,순간이동,17,122,3.4
5269144868,2021-06-18,솔랭,승리,1900-01-01 00:15:16,샤코,점화,강타,9,65,4.0
5268805724,2021-06-18,솔랭,패배,1900-01-01 00:15:16,사일러스,점멸,점화,10,69,4.0
5268861597,2021-06-18,솔랭,패배,1900-01-01 00:15:16,사일러스,점멸,순간이동,18,188,5.1
5266965446,2021-06-17,솔랭,승리,1900-01-01 00:15:16,엘리스,점멸,강타,14,119,4.0
5266913609,2021-06-17,솔랭,승리,1900-01-01 00:15:16,사일러스,점멸,순간이동,15,154,5.4
5266748798,2021-06-17,솔랭,승리,1900-01-01 00:15:16,레오나,점멸,점화,15,40,1.1
5266360578,2021-06-16,솔랭,승리,1900-01-01 00:15:16,사일러스,점멸,순간이동,18,188,4.3
5266215004,2021-06-16,솔랭,패배,1900-01-01 00:15:16,사일러스,점멸,점화,10,80,4.0
5266148379,2021-06-16,솔랭,패배,1900-01-01 00:15:16,뽀삐,점멸,강타,10,66,3.4
5266032110,2021-06-16,솔랭,패배,1900-01-01 00:15:16,엘리스,점멸,강타,16,167,4.4
5265521306,2021-06-16,솔랭,패배,1900-01-01 00:15:16,뽀삐,점멸,강타,10,92,4.4
5264738948,2021-06-16,솔랭,패배,1900-01-01 00:15:16,뽀삐,점멸,강타,13,116,4.1
5264685495,2021-06-16,솔랭,승리,1900-01-01 00:15:16,뽀삐,점멸,강타,14,114,4.7
5264586171,2021-06-16,솔랭,승리,1900-01-01 00:15:16,뽀삐,점멸,강타,17,153,4.7
5264006565,2021-06-15,솔랭,승리,1900-01-01 00:15:16,뽀삐,점멸,강타,11,110,5.3
5263909727,2021-06-15,솔랭,패배,1900-01-01 00:15:16,워윅,점멸,강타,15,156,4.7
5263674780,2021-06-15,솔랭,승리,1900-01-01 00:15:16,워윅,점멸,강타,14,140,5.2
5262689374,2021-06-15,일반,패배,1900-01-01 00:15:16,사일러스,점멸,점화,14,106,3.3
5262674354,2021-06-14,일반,패배,1900-01-01 00:15:16,사일러스,점멸,점화,12,105,4.6
5262588613,2021-06-14,무작위 총력전,승리,1900-01-01 00:15:16,소라카,점멸,점화,18,6,0.2
5262515192,2021-06-14,무작위 총력전,패배,1900-01-01 00:15:16,피즈,점멸,점화,15,11,0.7
5262531688,2021-06-14,무작위 총력전,승리,1900-01-01 00:15:16,브랜드,점멸,점화,14,29,2.2
5262266167,2021-06-14,솔랭,승리,1900-01-01 00:15:16,사일러스,점멸,순간이동,14,108,3.6
5262202426,2021-06-14,솔랭,패배,1900-01-01 00:15:16,사일러스,점멸,순간이동,12,101,4.2
5262175708,2021-06-14,솔랭,승리,1900-01-01 00:15:16,워윅,점멸,강타,14,136,4.5
5262133069,2021-06-14,일반,패배,1900-01-01 00:15:16,샤코,점멸,점화,8,16,0.8
5262078588,2021-06-14,일반,승리,1900-01-01 00:15:16,사일러스,점멸,순간이동,14,134,4.7
5261929068,2021-06-14,일반,패배,1900-01-01 00:15:16,사일러스,점멸,순간이동,15,139,4.5
5261850509,2021-06-14,일반,승리,1900-01-01 00:15:16,사일러스,점멸,점화,15,111,3.2
5260882997,2021-06-13,솔랭,승리,1900-01-01 00:15:16,뽀삐,점멸,강타,11,109,5.8
5260736856,2021-06-13,솔랭,패배,1900-01-01 00:15:16,엘리스,점멸,강타,11,114,4.4
5260001540,2021-06-13,일반,승리,1900-01-01 00:15:16,그웬,점멸,순간이동,13,138,6.8
5259813256,2021-06-13,일반,패배,1900-01-01 00:15:16,샤코,점화,강타,18,152,3.7
5259739256,2021-06-13,무작위 총력전,승리,1900-01-01 00:15:16,애니,점멸,방어막,16,57,3.6
5259720407,2021-06-13,솔랭,패배,1900-01-01 00:15:16,볼리베어,점멸,강타,14,153,4.9
5259652946,2021-06-13,솔랭,승리,1900-01-01 00:15:16,신 짜오,점멸,강타,16,142,4.2
5259586065,2021-06-13,솔랭,승리,1900-01-01 00:15:16,엘리스,점멸,강타,15,143,4.5
5259550107,2021-06-13,솔랭,패배,1900-01-01 00:15:16,뽀삐,점멸,강타,15,159,5.1
5259482243,2021-06-13,솔랭,승리,1900-01-01 00:15:16,신 짜오,점멸,강타,16,170,5.5
5256407216,2021-06-12,솔랭,패배,1900-01-01 00:15:16,엘리스,점멸,강타,16,147,4.4
5256490059,2021-06-12,솔랭,패배,1900-01-01 00:15:16,엘리스,점멸,강타,15,162,5.0
5254809656,2021-06-11,솔랭,승리,1900-01-01 00:15:16,엘리스,점멸,강타,12,113,4.6
5253899246,2021-06-10,솔랭,다시하기,1900-01-01 00:15:16,엘리스,점멸,강타,3,12,3.7
5253723442,2021-06-10,솔랭,승리,1900-01-01 00:15:16,녹턴,점멸,강타,13,113,4.6
5253099322,2021-06-10,솔랭,승리,1900-01-01 00:15:16,뽀삐,점멸,강타,15,153,4.9
5252866810,2021-06-10,솔랭,승리,1900-01-01 00:15:16,엘리스,점멸,강타,14,120,4.3
5252426086,2021-06-10,솔랭,패배,1900-01-01 00:15:16,트리스타나,점멸,회복,10,133,6.3
5252461747,2021-06-10,솔랭,패배,1900-01-01 00:15:16,뽀삐,점멸,강타,12,106,4.6
5252343532,2021-06-10,솔랭,승리,1900-01-01 00:15:16,나서스,점멸,순간이동,18,271,7.1
5252226113,2021-06-09,솔랭,승리,1900-01-01 00:15:16,세트,점멸,순간이동,16,182,5.9
5251965140,2021-06-09,솔랭,승리,1900-01-01 00:15:16,뽀삐,점멸,강타,16,127,3.9
5251980071,2021-06-09,솔랭,패배,1900-01-01 00:15:16,샤코,점화,강타,10,90,4.3
